[0.000000] (-) TimerEvent: {}
[0.000248] (sllidar_ros2) JobQueued: {'identifier': 'sllidar_ros2', 'dependencies': OrderedDict()}
[0.000315] (sllidar_ros2) JobStarted: {'identifier': 'sllidar_ros2'}
[0.019384] (sllidar_ros2) JobProgress: {'identifier': 'sllidar_ros2', 'progress': 'cmake'}
[0.020392] (sllidar_ros2) JobProgress: {'identifier': 'sllidar_ros2', 'progress': 'build'}
[0.021109] (sllidar_ros2) Command: {'cmd': ['/usr/bin/cmake', '--build', '/home/sharo/mine-adas/ros2_ws/build/sllidar_ros2', '--', '-j8', '-l8'], 'cwd': '/home/sharo/mine-adas/ros2_ws/build/sllidar_ros2', 'env': OrderedDict([('LESSOPEN', '| /usr/bin/lesspipe %s'), ('PYTHONWARNINGS', 'ignore:::setuptools.installer,ignore:::setuptools.command.install,ignore:::setuptools.command.easy_install'), ('CCACHE_TEMPDIR', '/tmp/ccache'), ('GZ_SIM_RESOURCE_PATH', '/home/sharo/cognipilot/cranium/install/dream_world/share/dream_world/worlds:/home/sharo/cognipilot/cranium/install/dream_world/share/dream_world/models:/home/sharo/cognipilot/cranium/install/b3rb_gz_resource/share/b3rb_gz_resource/models:/home/sharo/Downloads/NXP_CUP_INDIA_2026/install/dream_world/share/dream_world/worlds:/home/sharo/Downloads/NXP_CUP_INDIA_2026/install/dream_world/share/dream_world/models:/home/sharo/Downloads/NXP_CUP_INDIA_2026/install/b3rb_gz_resource/share/b3rb_gz_resource/models:/home/sharo/Documents/NXP_CUP_INDIA_2026/install/dream_world/share/dream_world/worlds:/home/sharo/Documents/NXP_CUP_INDIA_2026/install/dream_world/share/dream_world/models:/home/sharo/Documents/NXP_CUP_INDIA_2026/install/b3rb_gz_resource/share/b3rb_gz_resource/models'), ('no_proxy', 'localhost,127.0.0.0/8,::1'), ('LANGUAGE', 'en_IN:en'), ('USER', 'sharo'), ('XDG_SESSION_TYPE', 'wayland'), ('SHLVL', '1'), ('LD_LIBRARY_PATH', '/home/sharo/cognipilot/cranium/install/synapse_tinyframe/lib:/home/sharo/cognipilot/cranium/install/synapse_protobuf/lib:/home/sharo/cognipilot/cranium/install/synapse_msgs/lib:/home/sharo/Downloads/NXP_CUP_INDIA_2026/install/synapse_tinyframe/lib:/home/sharo/Downloads/NXP_CUP_INDIA_2026/install/synapse_protobuf/lib:/home/sharo/Downloads/NXP_CUP_INDIA_2026/install/synapse_msgs/lib:/home/sharo/Documents/NXP_CUP_INDIA_2026/install/synapse_tinyframe/lib:/home/sharo/Documents/NXP_CUP_INDIA_2026/install/synapse_protobuf/lib:/home/sharo/Documents/NXP_CUP_INDIA_2026/install/synapse_msgs/lib:/opt/ros/humble/opt/rviz_ogre_vendor/lib:/opt/ros/humble/lib/x86_64-linux-gnu:/opt/ros/humble/lib'), ('HOME', '/home/sharo'), ('OLDPWD', '/home/sharo/mine-adas/ros2_ws'), ('DESKTOP_SESSION', 'ubuntu'), ('NO_PROXY', 'localhost,127.0.0.0/8,::1'), ('ROS_PYTHON_VERSION', '3'), ('GNOME_SHELL_SESSION_MODE', 'ubuntu'), ('GTK_MODULES', 'gail:atk-bridge:appmenu-gtk-module'), ('SYSTEMD_EXEC_PID', '1519'), ('DBUS_SESSION_BUS_ADDRESS', 'unix:path=/run/user/1000/bus'), ('COLORTERM', 'truecolor'), ('IM_CONFIG_PHASE', '1'), ('WAYLAND_DISPLAY', 'wayland-0'), ('COLCON_PREFIX_PATH', '/home/sharo/cognipilot/cranium/install:/home/sharo/Downloads/NXP_CUP_INDIA_2026/install:/home/sharo/Documents/NXP_CUP_INDIA_2026/install'), ('ROS_DISTRO', 'humble'), ('LOGNAME', 'sharo'), ('_', '/usr/bin/colcon'), ('ROS_VERSION', '2'), ('XDG_SESSION_CLASS', 'user'), ('USERNAME', 'sharo'), ('TERM', 'xterm-256color'), ('GNOME_DESKTOP_SESSION_ID', 'this-is-deprecated'), ('ROS_LOCALHOST_ONLY', '0'), ('PATH', '/home/sharo/cognipilot/ws/cerebri/install/bin:/opt/ros/humble/bin:/home/sharo/.local/bin:/home/sharo/bin:/usr/local/sbin:/usr/local/bin:/usr/sbin:/usr/bin:/sbin:/bin:/usr/games:/usr/local/games:/snap/bin:/snap/bin'), ('SESSION_MANAGER', 'local/sharo-Vivobook-Go-E1504FA-E1504FAB:@/tmp/.ICE-unix/1497,unix/sharo-Vivobook-Go-E1504FA-E1504FAB:/tmp/.ICE-unix/1497'), ('XDG_MENU_PREFIX', 'gnome-'), ('GNOME_TERMINAL_SCREEN', '/org/gnome/Terminal/screen/3858eea1_0a2b_4c99_902b_2c34c70ed262'), ('GNOME_SETUP_DISPLAY', ':1'), ('XDG_RUNTIME_DIR', '/run/user/1000'), ('DISPLAY', ':0'), ('LANG', 'en_IN'), ('XDG_CURRENT_DESKTOP', 'ubuntu:GNOME'), ('RMW_IMPLEMENTATION', 'rmw_cyclonedds_cpp'), ('XMODIFIERS', '@im=ibus'), ('XDG_SESSION_DESKTOP', 'ubuntu'), ('XAUTHORITY', '/run/user/1000/.mutter-Xwaylandauth.MR1SU3'), ('LS_COLORS', 'rs=0:di=01;34:ln=01;36:mh=00:pi=40;33:so=01;35:do=01;35:bd=40;33;01:cd=40;33;01:or=40;31;01:mi=00:su=37;41:sg=30;43:ca=30;41:tw=30;42:ow=34;42:st=37;44:ex=01;32:*.tar=01;31:*.tgz=01;31:*.arc=01;31:*.arj=01;31:*.taz=01;31:*.lha=01;31:*.lz4=01;31:*.lzh=01;31:*.lzma=01;31:*.tlz=01;31:*.txz=01;31:*.tzo=01;31:*.t7z=01;31:*.zip=01;31:*.z=01;31:*.dz=01;31:*.gz=01;31:*.lrz=01;31:*.lz=01;31:*.lzo=01;31:*.xz=01;31:*.zst=01;31:*.tzst=01;31:*.bz2=01;31:*.bz=01;31:*.tbz=01;31:*.tbz2=01;31:*.tz=01;31:*.deb=01;31:*.rpm=01;31:*.jar=01;31:*.war=01;31:*.ear=01;31:*.sar=01;31:*.rar=01;31:*.alz=01;31:*.ace=01;31:*.zoo=01;31:*.cpio=01;31:*.7z=01;31:*.rz=01;31:*.cab=01;31:*.wim=01;31:*.swm=01;31:*.dwm=01;31:*.esd=01;31:*.jpg=01;35:*.jpeg=01;35:*.mjpg=01;35:*.mjpeg=01;35:*.gif=01;35:*.bmp=01;35:*.pbm=01;35:*.pgm=01;35:*.ppm=01;35:*.tga=01;35:*.xbm=01;35:*.xpm=01;35:*.tif=01;35:*.tiff=01;35:*.png=01;35:*.svg=01;35:*.svgz=01;35:*.mng=01;35:*.pcx=01;35:*.mov=01;35:*.mpg=01;35:*.mpeg=01;35:*.m2v=01;35:*.mkv=01;35:*.webm=01;35:*.webp=01;35:*.ogm=01;35:*.mp4=01;35:*.m4v=01;35:*.mp4v=01;35:*.vob=01;35:*.qt=01;35:*.nuv=01;35:*.wmv=01;35:*.asf=01;35:*.rm=01;35:*.rmvb=01;35:*.flc=01;35:*.avi=01;35:*.fli=01;35:*.flv=01;35:*.gl=01;35:*.dl=01;35:*.xcf=01;35:*.xwd=01;35:*.yuv=01;35:*.cgm=01;35:*.emf=01;35:*.ogv=01;35:*.ogx=01;35:*.aac=00;36:*.au=00;36:*.flac=00;36:*.m4a=00;36:*.mid=00;36:*.midi=00;36:*.mka=00;36:*.mp3=00;36:*.mpc=00;36:*.ogg=00;36:*.ra=00;36:*.wav=00;36:*.oga=00;36:*.opus=00;36:*.spx=00;36:*.xspf=00;36:'), ('GNOME_TERMINAL_SERVICE', ':1.103'), ('SSH_AGENT_LAUNCHER', 'gnome-keyring'), ('SSH_AUTH_SOCK', '/run/user/1000/keyring/ssh'), ('ROS_DOMAIN_ID', '7'), ('AMENT_PREFIX_PATH', '/home/sharo/cognipilot/cranium/install/synapse_ros:/home/sharo/cognipilot/cranium/install/synapse_gz:/home/sharo/cognipilot/cranium/install/synapse_tinyframe:/home/sharo/cognipilot/cranium/install/synapse_protobuf:/home/sharo/cognipilot/cranium/install/corti:/home/sharo/cognipilot/cranium/install/b3rb_ros_line_follower:/home/sharo/cognipilot/cranium/install/synapse_msgs:/home/sharo/cognipilot/cranium/install/dream_world:/home/sharo/cognipilot/cranium/install/cerebri_bringup:/home/sharo/cognipilot/cranium/install/b3rb_simulator:/home/sharo/cognipilot/cranium/install/b3rb_desktop:/home/sharo/cognipilot/cranium/install/b3rb_rviz:/home/sharo/cognipilot/cranium/install/b3rb_nav2:/home/sharo/cognipilot/cranium/install/b3rb_gz_resource:/home/sharo/cognipilot/cranium/install/b3rb_gz_bringup:/home/sharo/cognipilot/cranium/install/b3rb_description:/home/sharo/cognipilot/cranium/install/b3rb_control:/home/sharo/Downloads/NXP_CUP_INDIA_2026/install/synapse_ros:/home/sharo/Downloads/NXP_CUP_INDIA_2026/install/synapse_gz:/home/sharo/Downloads/NXP_CUP_INDIA_2026/install/synapse_tinyframe:/home/sharo/Downloads/NXP_CUP_INDIA_2026/install/synapse_protobuf:/home/sharo/Downloads/NXP_CUP_INDIA_2026/install/corti:/home/sharo/Downloads/NXP_CUP_INDIA_2026/install/b3rb_ros_line_follower:/home/sharo/Downloads/NXP_CUP_INDIA_2026/install/synapse_msgs:/home/sharo/Downloads/NXP_CUP_INDIA_2026/install/dream_world:/home/sharo/Downloads/NXP_CUP_INDIA_2026/install/cerebri_bringup:/home/sharo/Downloads/NXP_CUP_INDIA_2026/install/b3rb_simulator:/home/sharo/Downloads/NXP_CUP_INDIA_2026/install/b3rb_desktop:/home/sharo/Downloads/NXP_CUP_INDIA_2026/install/b3rb_rviz:/home/sharo/Downloads/NXP_CUP_INDIA_2026/install/b3rb_nav2:/home/sharo/Downloads/NXP_CUP_INDIA_2026/install/b3rb_gz_resource:/home/sharo/Downloads/NXP_CUP_INDIA_2026/install/b3rb_gz_bringup:/home/sharo/Downloads/NXP_CUP_INDIA_2026/install/b3rb_description:/home/sharo/Documents/NXP_CUP_INDIA_2026/install/synapse_ros:/home/sharo/Documents/NXP_CUP_INDIA_2026/install/synapse_gz:/home/sharo/Documents/NXP_CUP_INDIA_2026/install/synapse_tinyframe:/home/sharo/Documents/NXP_CUP_INDIA_2026/install/synapse_protobuf:/home/sharo/Documents/NXP_CUP_INDIA_2026/install/corti:/home/sharo/Documents/NXP_CUP_INDIA_2026/install/b3rb_ros_line_follower:/home/sharo/Documents/NXP_CUP_INDIA_2026/install/synapse_msgs:/home/sharo/Documents/NXP_CUP_INDIA_2026/install/dream_world:/home/sharo/Documents/NXP_CUP_INDIA_2026/install/cerebri_bringup:/home/sharo/Documents/NXP_CUP_INDIA_2026/install/b3rb_simulator:/home/sharo/Documents/NXP_CUP_INDIA_2026/install/b3rb_desktop:/home/sharo/Documents/NXP_CUP_INDIA_2026/install/b3rb_rviz:/home/sharo/Documents/NXP_CUP_INDIA_2026/install/b3rb_nav2:/home/sharo/Documents/NXP_CUP_INDIA_2026/install/b3rb_gz_resource:/home/sharo/Documents/NXP_CUP_INDIA_2026/install/b3rb_gz_bringup:/home/sharo/Documents/NXP_CUP_INDIA_2026/install/b3rb_description:/opt/ros/humble'), ('SHELL', '/bin/bash'), ('QT_ACCESSIBILITY', '1'), ('GDMSESSION', 'ubuntu'), ('LESSCLOSE', '/usr/bin/lesspipe %s %s'), ('CMAKE_EXPORT_COMPILE_COMMANDS', 'ON'), ('QT_IM_MODULE', 'ibus'), ('PWD', '/home/sharo/mine-adas/ros2_ws/build/sllidar_ros2'), ('XDG_CONFIG_DIRS', '/etc/xdg/xdg-ubuntu:/etc/xdg'), ('XDG_DATA_DIRS', '/usr/share/ubuntu:/usr/local/share/:/usr/share/:/var/lib/snapd/desktop'), ('PYTHONPATH', '/home/sharo/cognipilot/cranium/install/corti/local/lib/python3.10/dist-packages:/home/sharo/cognipilot/cranium/install/b3rb_ros_line_follower/lib/python3.10/site-packages:/home/sharo/cognipilot/cranium/install/synapse_msgs/local/lib/python3.10/dist-packages:/home/sharo/cognipilot/cranium/install/b3rb_control/lib/python3.10/site-packages:/home/sharo/Downloads/NXP_CUP_INDIA_2026/install/corti/local/lib/python3.10/dist-packages:/home/sharo/Downloads/NXP_CUP_INDIA_2026/install/b3rb_ros_line_follower/lib/python3.10/site-packages:/home/sharo/Downloads/NXP_CUP_INDIA_2026/install/synapse_msgs/local/lib/python3.10/dist-packages:/home/sharo/Documents/NXP_CUP_INDIA_2026/install/corti/local/lib/python3.10/dist-packages:/home/sharo/Documents/NXP_CUP_INDIA_2026/install/b3rb_ros_line_follower/lib/python3.10/site-packages:/home/sharo/Documents/NXP_CUP_INDIA_2026/install/synapse_msgs/local/lib/python3.10/dist-packages:/opt/ros/humble/lib/python3.10/site-packages:/opt/ros/humble/local/lib/python3.10/dist-packages'), ('COLCON', '1'), ('VTE_VERSION', '6800'), ('CMAKE_PREFIX_PATH', '/home/sharo/cognipilot/cranium/install/synapse_ros:/home/sharo/cognipilot/cranium/install/synapse_gz:/home/sharo/cognipilot/cranium/install/synapse_tinyframe:/home/sharo/cognipilot/cranium/install/synapse_protobuf:/home/sharo/cognipilot/cranium/install/corti:/home/sharo/cognipilot/cranium/install/synapse_msgs:/home/sharo/cognipilot/cranium/install/dream_world:/home/sharo/cognipilot/cranium/install/cerebri_bringup:/home/sharo/cognipilot/cranium/install/b3rb_simulator:/home/sharo/cognipilot/cranium/install/b3rb_desktop:/home/sharo/cognipilot/cranium/install/b3rb_rviz:/home/sharo/cognipilot/cranium/install/b3rb_nav2:/home/sharo/cognipilot/cranium/install/b3rb_gz_resource:/home/sharo/cognipilot/cranium/install/b3rb_gz_bringup:/home/sharo/cognipilot/cranium/install/b3rb_description:/home/sharo/Downloads/NXP_CUP_INDIA_2026/install/synapse_ros:/home/sharo/Downloads/NXP_CUP_INDIA_2026/install/synapse_gz:/home/sharo/Downloads/NXP_CUP_INDIA_2026/install/synapse_tinyframe:/home/sharo/Downloads/NXP_CUP_INDIA_2026/install/synapse_protobuf:/home/sharo/Downloads/NXP_CUP_INDIA_2026/install/corti:/home/sharo/Downloads/NXP_CUP_INDIA_2026/install/synapse_msgs:/home/sharo/Downloads/NXP_CUP_INDIA_2026/install/dream_world:/home/sharo/Downloads/NXP_CUP_INDIA_2026/install/cerebri_bringup:/home/sharo/Downloads/NXP_CUP_INDIA_2026/install/b3rb_simulator:/home/sharo/Downloads/NXP_CUP_INDIA_2026/install/b3rb_desktop:/home/sharo/Downloads/NXP_CUP_INDIA_2026/install/b3rb_rviz:/home/sharo/Downloads/NXP_CUP_INDIA_2026/install/b3rb_nav2:/home/sharo/Downloads/NXP_CUP_INDIA_2026/install/b3rb_gz_resource:/home/sharo/Downloads/NXP_CUP_INDIA_2026/install/b3rb_gz_bringup:/home/sharo/Downloads/NXP_CUP_INDIA_2026/install/b3rb_description:/home/sharo/Documents/NXP_CUP_INDIA_2026/install/synapse_ros:/home/sharo/Documents/NXP_CUP_INDIA_2026/install/synapse_gz:/home/sharo/Documents/NXP_CUP_INDIA_2026/install/synapse_tinyframe:/home/sharo/Documents/NXP_CUP_INDIA_2026/install/synapse_protobuf:/home/sharo/Documents/NXP_CUP_INDIA_2026/install/corti:/home/sharo/Documents/NXP_CUP_INDIA_2026/install/synapse_msgs:/home/sharo/Documents/NXP_CUP_INDIA_2026/install/dream_world:/home/sharo/Documents/NXP_CUP_INDIA_2026/install/cerebri_bringup:/home/sharo/Documents/NXP_CUP_INDIA_2026/install/b3rb_simulator:/home/sharo/Documents/NXP_CUP_INDIA_2026/install/b3rb_desktop:/home/sharo/Documents/NXP_CUP_INDIA_2026/install/b3rb_rviz:/home/sharo/Documents/NXP_CUP_INDIA_2026/install/b3rb_nav2:/home/sharo/Documents/NXP_CUP_INDIA_2026/install/b3rb_gz_resource:/home/sharo/Documents/NXP_CUP_INDIA_2026/install/b3rb_gz_bringup:/home/sharo/Documents/NXP_CUP_INDIA_2026/install/b3rb_description:/home/sharo/cognipilot/cranium/install/b3rb_ros_line_follower:/home/sharo/cognipilot/cranium/install/b3rb_control:/home/sharo/Downloads/NXP_CUP_INDIA_2026/install/b3rb_ros_line_follower:/home/sharo/Documents/NXP_CUP_INDIA_2026/install/b3rb_ros_line_follower:/opt/ros/humble')]), 'shell': False}
[0.093779] (sllidar_ros2) StdoutLine: {'line': b'-- Found ament_cmake: 1.3.14 (/opt/ros/humble/share/ament_cmake/cmake)\n'}
[0.098657] (-) TimerEvent: {}
[0.199117] (-) TimerEvent: {}
[0.236957] (sllidar_ros2) StdoutLine: {'line': b'-- Override CMake install command with custom implementation using symlinks instead of copying resources\n'}
[0.250286] (sllidar_ros2) StdoutLine: {'line': b'-- Found rclcpp: 16.0.19 (/opt/ros/humble/share/rclcpp/cmake)\n'}
[0.287752] (sllidar_ros2) StdoutLine: {'line': b'-- Found rosidl_generator_c: 3.1.9 (/opt/ros/humble/share/rosidl_generator_c/cmake)\n'}
[0.290629] (sllidar_ros2) StdoutLine: {'line': b'-- Found rosidl_adapter: 3.1.9 (/opt/ros/humble/share/rosidl_adapter/cmake)\n'}
[0.298813] (sllidar_ros2) StdoutLine: {'line': b'-- Found rosidl_generator_cpp: 3.1.9 (/opt/ros/humble/share/rosidl_generator_cpp/cmake)\n'}
[0.299187] (-) TimerEvent: {}
[0.325292] (sllidar_ros2) StdoutLine: {'line': b'-- Using all available rosidl_typesupport_c: rosidl_typesupport_fastrtps_c;rosidl_typesupport_introspection_c\n'}
[0.344703] (sllidar_ros2) StdoutLine: {'line': b'-- Using all available rosidl_typesupport_cpp: rosidl_typesupport_fastrtps_cpp;rosidl_typesupport_introspection_cpp\n'}
[0.389105] (sllidar_ros2) StdoutLine: {'line': b'-- Found rmw_implementation_cmake: 6.1.3 (/opt/ros/humble/share/rmw_implementation_cmake/cmake)\n'}
[0.393649] (sllidar_ros2) StdoutLine: {'line': b'-- Found rmw_cyclonedds_cpp: 1.3.4 (/opt/ros/humble/share/rmw_cyclonedds_cpp/cmake)\n'}
[0.399291] (-) TimerEvent: {}
[0.419550] (sllidar_ros2) StdoutLine: {'line': b"-- Using RMW implementation 'rmw_cyclonedds_cpp' as default\n"}
[0.484884] (sllidar_ros2) StdoutLine: {'line': b'-- Found sensor_msgs: 4.9.2 (/opt/ros/humble/share/sensor_msgs/cmake)\n'}
[0.499416] (-) TimerEvent: {}
[0.517548] (sllidar_ros2) StdoutLine: {'line': b'-- Found std_srvs: 4.9.2 (/opt/ros/humble/share/std_srvs/cmake)\n'}
[0.599518] (-) TimerEvent: {}
[0.655670] (sllidar_ros2) StdoutLine: {'line': b'-- Configuring done\n'}
[0.679808] (sllidar_ros2) StdoutLine: {'line': b'-- Generating done\n'}
[0.686039] (sllidar_ros2) StdoutLine: {'line': b'-- Build files have been written to: /home/sharo/mine-adas/ros2_ws/build/sllidar_ros2\n'}
[0.699634] (-) TimerEvent: {}
[0.720305] (sllidar_ros2) StdoutLine: {'line': b'\x1b[35m\x1b[1mConsolidate compiler generated dependencies of target sllidar_client\x1b[0m\n'}
[0.726740] (sllidar_ros2) StdoutLine: {'line': b'\x1b[35m\x1b[1mConsolidate compiler generated dependencies of target sllidar_node\x1b[0m\n'}
[0.760412] (sllidar_ros2) StdoutLine: {'line': b'[  5%] \x1b[32mBuilding CXX object CMakeFiles/sllidar_client.dir/src/sllidar_client.cpp.o\x1b[0m\n'}
[0.765964] (sllidar_ros2) StdoutLine: {'line': b'[ 10%] \x1b[32mBuilding CXX object CMakeFiles/sllidar_node.dir/src/sllidar_node.cpp.o\x1b[0m\n'}
[0.766797] (sllidar_ros2) StdoutLine: {'line': b'[ 25%] \x1b[32mBuilding CXX object CMakeFiles/sllidar_node.dir/sdk/src/arch/linux/net_serial.cpp.o\x1b[0m\n'}
[0.767043] (sllidar_ros2) StdoutLine: {'line': b'[ 25%] \x1b[32mBuilding CXX object CMakeFiles/sllidar_node.dir/sdk/src/dataunpacker/dataunpacker.cpp.o\x1b[0m\n'}
[0.769892] (sllidar_ros2) StdoutLine: {'line': b'[ 25%] \x1b[32mBuilding CXX object CMakeFiles/sllidar_node.dir/sdk/src/dataunpacker/unpacker/handler_capsules.cpp.o\x1b[0m\n'}
[0.770735] (sllidar_ros2) StdoutLine: {'line': b'[ 30%] \x1b[32mBuilding CXX object CMakeFiles/sllidar_node.dir/sdk/src/arch/linux/net_socket.cpp.o\x1b[0m\n'}
[0.771087] (sllidar_ros2) StdoutLine: {'line': b'[ 35%] \x1b[32mBuilding CXX object CMakeFiles/sllidar_node.dir/sdk/src/arch/linux/timer.cpp.o\x1b[0m\n'}
[0.776565] (sllidar_ros2) StdoutLine: {'line': b'[ 40%] \x1b[32mBuilding CXX object CMakeFiles/sllidar_node.dir/sdk/src/dataunpacker/unpacker/handler_hqnode.cpp.o\x1b[0m\n'}
[0.801292] (-) TimerEvent: {}
[0.902016] (-) TimerEvent: {}
[1.002786] (-) TimerEvent: {}
[1.104205] (-) TimerEvent: {}
[1.204640] (-) TimerEvent: {}
[1.307529] (-) TimerEvent: {}
[1.402277] (sllidar_ros2) StderrLine: {'line': b'In file included from \x1b[01m\x1b[K/home/sharo/mine-adas/ros2_ws/src/sllidar_ros2/./sdk/include/rplidar_protocol.h:36\x1b[m\x1b[K,\n'}
[1.402761] (sllidar_ros2) StderrLine: {'line': b'                 from \x1b[01m\x1b[K/home/sharo/mine-adas/ros2_ws/src/sllidar_ros2/./sdk/include/rplidar.h:39\x1b[m\x1b[K,\n'}
[1.402899] (sllidar_ros2) StderrLine: {'line': b'                 from \x1b[01m\x1b[K/home/sharo/mine-adas/ros2_ws/src/sllidar_ros2/./sdk/src/sdkcommon.h:49\x1b[m\x1b[K,\n'}
[1.402987] (sllidar_ros2) StderrLine: {'line': b'                 from \x1b[01m\x1b[K/home/sharo/mine-adas/ros2_ws/src/sllidar_ros2/sdk/src/arch/linux/net_socket.cpp:10\x1b[m\x1b[K:\n'}
[1.403066] (sllidar_ros2) StderrLine: {'line': b'\x1b[01m\x1b[K/home/sharo/mine-adas/ros2_ws/src/sllidar_ros2/./sdk/include/sl_lidar_protocol.h:66:16:\x1b[m\x1b[K \x1b[01;35m\x1b[Kwarning: \x1b[m\x1b[KISO C++ forbids zero-size array \xe2\x80\x98\x1b[01m\x1b[Kdata\x1b[m\x1b[K\xe2\x80\x99 [\x1b[01;35m\x1b[K\x1b]8;;https://gcc.gnu.org/onlinedocs/gcc/Warning-Options.html#index-Wpedantic\x07-Wpedantic\x1b]8;;\x07\x1b[m\x1b[K]\n'}
[1.403145] (sllidar_ros2) StderrLine: {'line': b'   66 |     sl_u8 data[\x1b[01;35m\x1b[K0\x1b[m\x1b[K];\n'}
[1.403231] (sllidar_ros2) StderrLine: {'line': b'      |                \x1b[01;35m\x1b[K^\x1b[m\x1b[K\n'}
[1.403328] (sllidar_ros2) StderrLine: {'line': b'In file included from \x1b[01m\x1b[K/home/sharo/mine-adas/ros2_ws/src/sllidar_ros2/./sdk/include/rplidar_cmd.h:36\x1b[m\x1b[K,\n'}
[1.403401] (sllidar_ros2) StderrLine: {'line': b'                 from \x1b[01m\x1b[K/home/sharo/mine-adas/ros2_ws/src/sllidar_ros2/./sdk/include/rplidar.h:40\x1b[m\x1b[K,\n'}
[1.403472] (sllidar_ros2) StderrLine: {'line': b'                 from \x1b[01m\x1b[K/home/sharo/mine-adas/ros2_ws/src/sllidar_ros2/./sdk/src/sdkcommon.h:49\x1b[m\x1b[K,\n'}
[1.403572] (sllidar_ros2) StderrLine: {'line': b'                 from \x1b[01m\x1b[K/home/sharo/mine-adas/ros2_ws/src/sllidar_ros2/sdk/src/arch/linux/net_socket.cpp:10\x1b[m\x1b[K:\n'}
[1.403649] (sllidar_ros2) StderrLine: {'line': b'\x1b[01m\x1b[K/home/sharo/mine-adas/ros2_ws/src/sllidar_ros2/./sdk/include/sl_lidar_cmd.h:324:20:\x1b[m\x1b[K \x1b[01;35m\x1b[Kwarning: \x1b[m\x1b[KISO C++ forbids zero-size array \xe2\x80\x98\x1b[01m\x1b[Kpayload\x1b[m\x1b[K\xe2\x80\x99 [\x1b[01;35m\x1b[K\x1b]8;;https://gcc.gnu.org/onlinedocs/gcc/Warning-Options.html#index-Wpedantic\x07-Wpedantic\x1b]8;;\x07\x1b[m\x1b[K]\n'}
[1.403730] (sllidar_ros2) StderrLine: {'line': b'  324 |     sl_u8  payload[\x1b[01;35m\x1b[K0\x1b[m\x1b[K];\n'}
[1.403802] (sllidar_ros2) StderrLine: {'line': b'      |                    \x1b[01;35m\x1b[K^\x1b[m\x1b[K\n'}
[1.408328] (-) TimerEvent: {}
[1.431445] (sllidar_ros2) StderrLine: {'line': b'In file included from \x1b[01m\x1b[K/home/sharo/mine-adas/ros2_ws/src/sllidar_ros2/./sdk/include/rplidar_protocol.h:36\x1b[m\x1b[K,\n'}
[1.431738] (sllidar_ros2) StderrLine: {'line': b'                 from \x1b[01m\x1b[K/home/sharo/mine-adas/ros2_ws/src/sllidar_ros2/./sdk/include/rplidar.h:39\x1b[m\x1b[K,\n'}
[1.431872] (sllidar_ros2) StderrLine: {'line': b'                 from \x1b[01m\x1b[K/home/sharo/mine-adas/ros2_ws/src/sllidar_ros2/./sdk/src/sdkcommon.h:49\x1b[m\x1b[K,\n'}
[1.431957] (sllidar_ros2) StderrLine: {'line': b'                 from \x1b[01m\x1b[K/home/sharo/mine-adas/ros2_ws/src/sllidar_ros2/sdk/src/dataunpacker/dataunnpacker_commondef.h:41\x1b[m\x1b[K,\n'}
[1.432030] (sllidar_ros2) StderrLine: {'line': b'                 from \x1b[01m\x1b[K/home/sharo/mine-adas/ros2_ws/src/sllidar_ros2/sdk/src/dataunpacker/dataunpacker.cpp:39\x1b[m\x1b[K:\n'}
[1.432112] (sllidar_ros2) StderrLine: {'line': b'\x1b[01m\x1b[K/home/sharo/mine-adas/ros2_ws/src/sllidar_ros2/./sdk/include/sl_lidar_protocol.h:66:16:\x1b[m\x1b[K \x1b[01;35m\x1b[Kwarning: \x1b[m\x1b[KISO C++ forbids zero-size array \xe2\x80\x98\x1b[01m\x1b[Kdata\x1b[m\x1b[K\xe2\x80\x99 [\x1b[01;35m\x1b[K\x1b]8;;https://gcc.gnu.org/onlinedocs/gcc/Warning-Options.html#index-Wpedantic\x07-Wpedantic\x1b]8;;\x07\x1b[m\x1b[K]\n'}
[1.432289] (sllidar_ros2) StderrLine: {'line': b'   66 |     sl_u8 data[\x1b[01;35m\x1b[K0\x1b[m\x1b[K];\n'}
[1.432364] (sllidar_ros2) StderrLine: {'line': b'      |                \x1b[01;35m\x1b[K^\x1b[m\x1b[K\n'}
[1.435635] (sllidar_ros2) StderrLine: {'line': b'In file included from \x1b[01m\x1b[K/home/sharo/mine-adas/ros2_ws/src/sllidar_ros2/./sdk/include/rplidar_cmd.h:36\x1b[m\x1b[K,\n'}
[1.435952] (sllidar_ros2) StderrLine: {'line': b'                 from \x1b[01m\x1b[K/home/sharo/mine-adas/ros2_ws/src/sllidar_ros2/./sdk/include/rplidar.h:40\x1b[m\x1b[K,\n'}
[1.436039] (sllidar_ros2) StderrLine: {'line': b'                 from \x1b[01m\x1b[K/home/sharo/mine-adas/ros2_ws/src/sllidar_ros2/./sdk/src/sdkcommon.h:49\x1b[m\x1b[K,\n'}
[1.436108] (sllidar_ros2) StderrLine: {'line': b'                 from \x1b[01m\x1b[K/home/sharo/mine-adas/ros2_ws/src/sllidar_ros2/sdk/src/dataunpacker/dataunnpacker_commondef.h:41\x1b[m\x1b[K,\n'}
[1.436175] (sllidar_ros2) StderrLine: {'line': b'                 from \x1b[01m\x1b[K/home/sharo/mine-adas/ros2_ws/src/sllidar_ros2/sdk/src/dataunpacker/dataunpacker.cpp:39\x1b[m\x1b[K:\n'}
[1.436266] (sllidar_ros2) StderrLine: {'line': b'\x1b[01m\x1b[K/home/sharo/mine-adas/ros2_ws/src/sllidar_ros2/./sdk/include/sl_lidar_cmd.h:324:20:\x1b[m\x1b[K \x1b[01;35m\x1b[Kwarning: \x1b[m\x1b[KISO C++ forbids zero-size array \xe2\x80\x98\x1b[01m\x1b[Kpayload\x1b[m\x1b[K\xe2\x80\x99 [\x1b[01;35m\x1b[K\x1b]8;;https://gcc.gnu.org/onlinedocs/gcc/Warning-Options.html#index-Wpedantic\x07-Wpedantic\x1b]8;;\x07\x1b[m\x1b[K]\n'}
[1.436353] (sllidar_ros2) StderrLine: {'line': b'  324 |     sl_u8  payload[\x1b[01;35m\x1b[K0\x1b[m\x1b[K];\n'}
[1.436426] (sllidar_ros2) StderrLine: {'line': b'      |                    \x1b[01;35m\x1b[K^\x1b[m\x1b[K\n'}
[1.452622] (sllidar_ros2) StderrLine: {'line': b'In file included from \x1b[01m\x1b[K/home/sharo/mine-adas/ros2_ws/src/sllidar_ros2/./sdk/include/rplidar_protocol.h:36\x1b[m\x1b[K,\n'}
[1.452899] (sllidar_ros2) StderrLine: {'line': b'                 from \x1b[01m\x1b[K/home/sharo/mine-adas/ros2_ws/src/sllidar_ros2/./sdk/include/rplidar.h:39\x1b[m\x1b[K,\n'}
[1.453000] (sllidar_ros2) StderrLine: {'line': b'                 from \x1b[01m\x1b[K/home/sharo/mine-adas/ros2_ws/src/sllidar_ros2/./sdk/src/sdkcommon.h:49\x1b[m\x1b[K,\n'}
[1.453078] (sllidar_ros2) StderrLine: {'line': b'                 from \x1b[01m\x1b[K/home/sharo/mine-adas/ros2_ws/src/sllidar_ros2/sdk/src/dataunpacker/unpacker/../dataunnpacker_commondef.h:41\x1b[m\x1b[K,\n'}
[1.454663] (sllidar_ros2) StderrLine: {'line': b'                 from \x1b[01m\x1b[K/home/sharo/mine-adas/ros2_ws/src/sllidar_ros2/sdk/src/dataunpacker/unpacker/handler_capsules.cpp:39\x1b[m\x1b[K:\n'}
[1.454806] (sllidar_ros2) StderrLine: {'line': b'\x1b[01m\x1b[K/home/sharo/mine-adas/ros2_ws/src/sllidar_ros2/./sdk/include/sl_lidar_protocol.h:66:16:\x1b[m\x1b[K \x1b[01;35m\x1b[Kwarning: \x1b[m\x1b[KISO C++ forbids zero-size array \xe2\x80\x98\x1b[01m\x1b[Kdata\x1b[m\x1b[K\xe2\x80\x99 [\x1b[01;35m\x1b[K\x1b]8;;https://gcc.gnu.org/onlinedocs/gcc/Warning-Options.html#index-Wpedantic\x07-Wpedantic\x1b]8;;\x07\x1b[m\x1b[K]\n'}
[1.454896] (sllidar_ros2) StderrLine: {'line': b'   66 |     sl_u8 data[\x1b[01;35m\x1b[K0\x1b[m\x1b[K];\n'}
[1.454994] (sllidar_ros2) StderrLine: {'line': b'      |                \x1b[01;35m\x1b[K^\x1b[m\x1b[K\n'}
[1.455071] (sllidar_ros2) StderrLine: {'line': b'In file included from \x1b[01m\x1b[K/home/sharo/mine-adas/ros2_ws/src/sllidar_ros2/./sdk/include/rplidar_cmd.h:36\x1b[m\x1b[K,\n'}
[1.455148] (sllidar_ros2) StderrLine: {'line': b'                 from \x1b[01m\x1b[K/home/sharo/mine-adas/ros2_ws/src/sllidar_ros2/./sdk/include/rplidar.h:40\x1b[m\x1b[K,\n'}
[1.455240] (sllidar_ros2) StderrLine: {'line': b'                 from \x1b[01m\x1b[K/home/sharo/mine-adas/ros2_ws/src/sllidar_ros2/./sdk/src/sdkcommon.h:49\x1b[m\x1b[K,\n'}
[1.455356] (sllidar_ros2) StderrLine: {'line': b'                 from \x1b[01m\x1b[K/home/sharo/mine-adas/ros2_ws/src/sllidar_ros2/sdk/src/dataunpacker/unpacker/../dataunnpacker_commondef.h:41\x1b[m\x1b[K,\n'}
[1.455427] (sllidar_ros2) StderrLine: {'line': b'                 from \x1b[01m\x1b[K/home/sharo/mine-adas/ros2_ws/src/sllidar_ros2/sdk/src/dataunpacker/unpacker/handler_capsules.cpp:39\x1b[m\x1b[K:\n'}
[1.455494] (sllidar_ros2) StderrLine: {'line': b'\x1b[01m\x1b[K/home/sharo/mine-adas/ros2_ws/src/sllidar_ros2/./sdk/include/sl_lidar_cmd.h:324:20:\x1b[m\x1b[K \x1b[01;35m\x1b[Kwarning: \x1b[m\x1b[KISO C++ forbids zero-size array \xe2\x80\x98\x1b[01m\x1b[Kpayload\x1b[m\x1b[K\xe2\x80\x99 [\x1b[01;35m\x1b[K\x1b]8;;https://gcc.gnu.org/onlinedocs/gcc/Warning-Options.html#index-Wpedantic\x07-Wpedantic\x1b]8;;\x07\x1b[m\x1b[K]\n'}
[1.455564] (sllidar_ros2) StderrLine: {'line': b'  324 |     sl_u8  payload[\x1b[01;35m\x1b[K0\x1b[m\x1b[K];\n'}
[1.455630] (sllidar_ros2) StderrLine: {'line': b'      |                    \x1b[01;35m\x1b[K^\x1b[m\x1b[K\n'}
[1.480310] (sllidar_ros2) StderrLine: {'line': b'In file included from \x1b[01m\x1b[K/home/sharo/mine-adas/ros2_ws/src/sllidar_ros2/./sdk/include/rplidar_protocol.h:36\x1b[m\x1b[K,\n'}
[1.480932] (sllidar_ros2) StderrLine: {'line': b'                 from \x1b[01m\x1b[K/home/sharo/mine-adas/ros2_ws/src/sllidar_ros2/./sdk/include/rplidar.h:39\x1b[m\x1b[K,\n'}
[1.482588] (sllidar_ros2) StderrLine: {'line': b'                 from \x1b[01m\x1b[K/home/sharo/mine-adas/ros2_ws/src/sllidar_ros2/./sdk/src/sdkcommon.h:49\x1b[m\x1b[K,\n'}
[1.482739] (sllidar_ros2) StderrLine: {'line': b'                 from \x1b[01m\x1b[K/home/sharo/mine-adas/ros2_ws/src/sllidar_ros2/sdk/src/dataunpacker/unpacker/../dataunnpacker_commondef.h:41\x1b[m\x1b[K,\n'}
[1.482809] (sllidar_ros2) StderrLine: {'line': b'                 from \x1b[01m\x1b[K/home/sharo/mine-adas/ros2_ws/src/sllidar_ros2/sdk/src/dataunpacker/unpacker/handler_hqnode.cpp:39\x1b[m\x1b[K:\n'}
[1.482870] (sllidar_ros2) StderrLine: {'line': b'\x1b[01m\x1b[K/home/sharo/mine-adas/ros2_ws/src/sllidar_ros2/./sdk/include/sl_lidar_protocol.h:66:16:\x1b[m\x1b[K \x1b[01;35m\x1b[Kwarning: \x1b[m\x1b[KISO C++ forbids zero-size array \xe2\x80\x98\x1b[01m\x1b[Kdata\x1b[m\x1b[K\xe2\x80\x99 [\x1b[01;35m\x1b[K\x1b]8;;https://gcc.gnu.org/onlinedocs/gcc/Warning-Options.html#index-Wpedantic\x07-Wpedantic\x1b]8;;\x07\x1b[m\x1b[K]\n'}
[1.482935] (sllidar_ros2) StderrLine: {'line': b'   66 |     sl_u8 data[\x1b[01;35m\x1b[K0\x1b[m\x1b[K];\n'}
[1.482997] (sllidar_ros2) StderrLine: {'line': b'      |                \x1b[01;35m\x1b[K^\x1b[m\x1b[K\n'}
[1.483058] (sllidar_ros2) StderrLine: {'line': b'In file included from \x1b[01m\x1b[K/home/sharo/mine-adas/ros2_ws/src/sllidar_ros2/./sdk/include/rplidar_cmd.h:36\x1b[m\x1b[K,\n'}
[1.483118] (sllidar_ros2) StderrLine: {'line': b'                 from \x1b[01m\x1b[K/home/sharo/mine-adas/ros2_ws/src/sllidar_ros2/./sdk/include/rplidar.h:40\x1b[m\x1b[K,\n'}
[1.483180] (sllidar_ros2) StderrLine: {'line': b'                 from \x1b[01m\x1b[K/home/sharo/mine-adas/ros2_ws/src/sllidar_ros2/./sdk/src/sdkcommon.h:49\x1b[m\x1b[K,\n'}
[1.483291] (sllidar_ros2) StderrLine: {'line': b'                 from \x1b[01m\x1b[K/home/sharo/mine-adas/ros2_ws/src/sllidar_ros2/sdk/src/dataunpacker/unpacker/../dataunnpacker_commondef.h:41\x1b[m\x1b[K,\n'}
[1.484874] (sllidar_ros2) StderrLine: {'line': b'                 from \x1b[01m\x1b[K/home/sharo/mine-adas/ros2_ws/src/sllidar_ros2/sdk/src/dataunpacker/unpacker/handler_hqnode.cpp:39\x1b[m\x1b[K:\n'}
[1.485186] (sllidar_ros2) StderrLine: {'line': b'\x1b[01m\x1b[K/home/sharo/mine-adas/ros2_ws/src/sllidar_ros2/./sdk/include/sl_lidar_cmd.h:324:20:\x1b[m\x1b[K \x1b[01;35m\x1b[Kwarning: \x1b[m\x1b[KISO C++ forbids zero-size array \xe2\x80\x98\x1b[01m\x1b[Kpayload\x1b[m\x1b[K\xe2\x80\x99 [\x1b[01;35m\x1b[K\x1b]8;;https://gcc.gnu.org/onlinedocs/gcc/Warning-Options.html#index-Wpedantic\x07-Wpedantic\x1b]8;;\x07\x1b[m\x1b[K]\n'}
[1.485350] (sllidar_ros2) StderrLine: {'line': b'  324 |     sl_u8  payload[\x1b[01;35m\x1b[K0\x1b[m\x1b[K];\n'}
[1.485417] (sllidar_ros2) StderrLine: {'line': b'      |                    \x1b[01;35m\x1b[K^\x1b[m\x1b[K\n'}
[1.510309] (-) TimerEvent: {}
[1.553543] (sllidar_ros2) StderrLine: {'line': b'In file included from \x1b[01m\x1b[K/home/sharo/mine-adas/ros2_ws/src/sllidar_ros2/./sdk/src/arch/linux/arch_linux.h:42\x1b[m\x1b[K,\n'}
[1.553817] (sllidar_ros2) StderrLine: {'line': b'                 from \x1b[01m\x1b[K/home/sharo/mine-adas/ros2_ws/src/sllidar_ros2/./sdk/src/sdkcommon.h:41\x1b[m\x1b[K,\n'}
[1.553937] (sllidar_ros2) StderrLine: {'line': b'                 from \x1b[01m\x1b[K/home/sharo/mine-adas/ros2_ws/src/sllidar_ros2/sdk/src/arch/linux/net_socket.cpp:10\x1b[m\x1b[K:\n'}
[1.554022] (sllidar_ros2) StderrLine: {'line': b'\x1b[01m\x1b[K/home/sharo/mine-adas/ros2_ws/src/sllidar_ros2/sdk/src/arch/linux/net_socket.cpp:\x1b[m\x1b[K In member function \xe2\x80\x98\x1b[01m\x1b[Kvirtual u_result rp::arch::net::DGramSocketImpl::sendTo(const rp::net::SocketAddress*, const void*, size_t)\x1b[m\x1b[K\xe2\x80\x99:\n'}
[1.554125] (sllidar_ros2) StderrLine: {'line': b'\x1b[01m\x1b[K/home/sharo/mine-adas/ros2_ws/src/sllidar_ros2/sdk/src/arch/linux/net_socket.cpp:733:24:\x1b[m\x1b[K \x1b[01;35m\x1b[Kwarning: \x1b[m\x1b[Kcomparison of integer expressions of different signedness: \xe2\x80\x98\x1b[01m\x1b[Kint\x1b[m\x1b[K\xe2\x80\x99 and \xe2\x80\x98\x1b[01m\x1b[Ksize_t\x1b[m\x1b[K\xe2\x80\x99 {aka \xe2\x80\x98\x1b[01m\x1b[Klong unsigned int\x1b[m\x1b[K\xe2\x80\x99} [\x1b[01;35m\x1b[K\x1b]8;;https://gcc.gnu.org/onlinedocs/gcc/Warning-Options.html#index-Wsign-compare\x07-Wsign-compare\x1b]8;;\x07\x1b[m\x1b[K]\n'}
[1.554233] (sllidar_ros2) StderrLine: {'line': b'  733 |             assert(\x1b[01;35m\x1b[Kans == len\x1b[m\x1b[K);\n'}
[1.554334] (sllidar_ros2) StderrLine: {'line': b'      |                    \x1b[01;35m\x1b[K~~~~^~~~~~\x1b[m\x1b[K\n'}
[1.600357] (sllidar_ros2) StderrLine: {'line': b'\x1b[01m\x1b[K/home/sharo/mine-adas/ros2_ws/src/sllidar_ros2/sdk/src/arch/linux/net_serial.cpp:\x1b[m\x1b[K In member function \xe2\x80\x98\x1b[01m\x1b[Kbool rp::arch::net::raw_serial::open(const char*, uint32_t, uint32_t)\x1b[m\x1b[K\xe2\x80\x99:\n'}
[1.600633] (sllidar_ros2) StderrLine: {'line': b'\x1b[01m\x1b[K/home/sharo/mine-adas/ros2_ws/src/sllidar_ros2/sdk/src/arch/linux/net_serial.cpp:97:74:\x1b[m\x1b[K \x1b[01;35m\x1b[Kwarning: \x1b[m\x1b[Kunused parameter \xe2\x80\x98\x1b[01m\x1b[Kflags\x1b[m\x1b[K\xe2\x80\x99 [\x1b[01;35m\x1b[K\x1b]8;;https://gcc.gnu.org/onlinedocs/gcc/Warning-Options.html#index-Wunused-parameter\x07-Wunused-parameter\x1b]8;;\x07\x1b[m\x1b[K]\n'}
[1.600732] (sllidar_ros2) StderrLine: {'line': b'   97 | bool raw_serial::open(const char * portname, uint32_t baudrate, \x1b[01;35m\x1b[Kuint32_t flags\x1b[m\x1b[K)\n'}
[1.600806] (sllidar_ros2) StderrLine: {'line': b'      |                                                                 \x1b[01;35m\x1b[K~~~~~~~~~^~~~~\x1b[m\x1b[K\n'}
[1.602371] (sllidar_ros2) StderrLine: {'line': b'\x1b[01m\x1b[K/home/sharo/mine-adas/ros2_ws/src/sllidar_ros2/sdk/src/arch/linux/net_serial.cpp:\x1b[m\x1b[K In member function \xe2\x80\x98\x1b[01m\x1b[Kvirtual void rp::arch::net::raw_serial::flush(_u32)\x1b[m\x1b[K\xe2\x80\x99:\n'}
[1.602682] (sllidar_ros2) StderrLine: {'line': b'\x1b[01m\x1b[K/home/sharo/mine-adas/ros2_ws/src/sllidar_ros2/sdk/src/arch/linux/net_serial.cpp:281:30:\x1b[m\x1b[K \x1b[01;35m\x1b[Kwarning: \x1b[m\x1b[Kunused parameter \xe2\x80\x98\x1b[01m\x1b[Kflags\x1b[m\x1b[K\xe2\x80\x99 [\x1b[01;35m\x1b[K\x1b]8;;https://gcc.gnu.org/onlinedocs/gcc/Warning-Options.html#index-Wunused-parameter\x07-Wunused-parameter\x1b]8;;\x07\x1b[m\x1b[K]\n'}
[1.602804] (sllidar_ros2) StderrLine: {'line': b'  281 | void raw_serial::flush( \x1b[01;35m\x1b[K_u32 flags\x1b[m\x1b[K)\n'}
[1.602870] (sllidar_ros2) StderrLine: {'line': b'      |                         \x1b[01;35m\x1b[K~~~~~^~~~~\x1b[m\x1b[K\n'}
[1.602944] (sllidar_ros2) StderrLine: {'line': b'\x1b[01m\x1b[K/home/sharo/mine-adas/ros2_ws/src/sllidar_ros2/sdk/src/arch/linux/net_serial.cpp:\x1b[m\x1b[K In member function \xe2\x80\x98\x1b[01m\x1b[Kvirtual int rp::arch::net::raw_serial::waitforsent(_u32, size_t*)\x1b[m\x1b[K\xe2\x80\x99:\n'}
[1.602992] (sllidar_ros2) StderrLine: {'line': b'\x1b[01m\x1b[K/home/sharo/mine-adas/ros2_ws/src/sllidar_ros2/sdk/src/arch/linux/net_serial.cpp:286:34:\x1b[m\x1b[K \x1b[01;35m\x1b[Kwarning: \x1b[m\x1b[Kunused parameter \xe2\x80\x98\x1b[01m\x1b[Ktimeout\x1b[m\x1b[K\xe2\x80\x99 [\x1b[01;35m\x1b[K\x1b]8;;https://gcc.gnu.org/onlinedocs/gcc/Warning-Options.html#index-Wunused-parameter\x07-Wunused-parameter\x1b]8;;\x07\x1b[m\x1b[K]\n'}
[1.603039] (sllidar_ros2) StderrLine: {'line': b'  286 | int raw_serial::waitforsent(\x1b[01;35m\x1b[K_u32 timeout\x1b[m\x1b[K, size_t * returned_size)\n'}
[1.603082] (sllidar_ros2) StderrLine: {'line': b'      |                             \x1b[01;35m\x1b[K~~~~~^~~~~~~\x1b[m\x1b[K\n'}
[1.603141] (sllidar_ros2) StderrLine: {'line': b'\x1b[01m\x1b[K/home/sharo/mine-adas/ros2_ws/src/sllidar_ros2/sdk/src/arch/linux/net_serial.cpp:\x1b[m\x1b[K In member function \xe2\x80\x98\x1b[01m\x1b[Kvirtual int rp::arch::net::raw_serial::waitforrecv(_u32, size_t*)\x1b[m\x1b[K\xe2\x80\x99:\n'}
[1.603199] (sllidar_ros2) StderrLine: {'line': b'\x1b[01m\x1b[K/home/sharo/mine-adas/ros2_ws/src/sllidar_ros2/sdk/src/arch/linux/net_serial.cpp:292:34:\x1b[m\x1b[K \x1b[01;35m\x1b[Kwarning: \x1b[m\x1b[Kunused parameter \xe2\x80\x98\x1b[01m\x1b[Ktimeout\x1b[m\x1b[K\xe2\x80\x99 [\x1b[01;35m\x1b[K\x1b]8;;https://gcc.gnu.org/onlinedocs/gcc/Warning-Options.html#index-Wunused-parameter\x07-Wunused-parameter\x1b]8;;\x07\x1b[m\x1b[K]\n'}
[1.604519] (sllidar_ros2) StderrLine: {'line': b'  292 | int raw_serial::waitforrecv(\x1b[01;35m\x1b[K_u32 timeout\x1b[m\x1b[K, size_t * returned_size)\n'}
[1.604711] (sllidar_ros2) StderrLine: {'line': b'      |                             \x1b[01;35m\x1b[K~~~~~^~~~~~~\x1b[m\x1b[K\n'}
[1.604804] (sllidar_ros2) StderrLine: {'line': b'\x1b[01m\x1b[K/home/sharo/mine-adas/ros2_ws/src/sllidar_ros2/sdk/src/arch/linux/net_serial.cpp:\x1b[m\x1b[K In member function \xe2\x80\x98\x1b[01m\x1b[Kvirtual void rp::arch::net::raw_serial::cancelOperation()\x1b[m\x1b[K\xe2\x80\x99:\n'}
[1.604890] (sllidar_ros2) StderrLine: {'line': b'\x1b[01m\x1b[K/home/sharo/mine-adas/ros2_ws/src/sllidar_ros2/sdk/src/arch/linux/net_serial.cpp:427:5:\x1b[m\x1b[K \x1b[01;35m\x1b[Kwarning: \x1b[m\x1b[Kvalue computed is not used [\x1b[01;35m\x1b[K\x1b]8;;https://gcc.gnu.org/onlinedocs/gcc/Warning-Options.html#index-Wunused-value\x07-Wunused-value\x1b]8;;\x07\x1b[m\x1b[K]\n'}
[1.604972] (sllidar_ros2) StderrLine: {'line': b'  427 |     \x1b[01;35m\x1b[K(int)::write(_selfpipe[1], "x", 1)\x1b[m\x1b[K;\n'}
[1.605052] (sllidar_ros2) StderrLine: {'line': b'      |     \x1b[01;35m\x1b[K^~~~~~~~~~~~~~~~~~~~~~~~~~~~~~~~~~\x1b[m\x1b[K\n'}
[1.611313] (-) TimerEvent: {}
[1.648410] (sllidar_ros2) StdoutLine: {'line': b'[ 45%] \x1b[32mBuilding CXX object CMakeFiles/sllidar_node.dir/sdk/src/dataunpacker/unpacker/handler_normalnode.cpp.o\x1b[0m\n'}
[1.711458] (-) TimerEvent: {}
[1.756345] (sllidar_ros2) StderrLine: {'line': b'In file included from \x1b[01m\x1b[K/home/sharo/mine-adas/ros2_ws/src/sllidar_ros2/sdk/src/dataunpacker/dataunpacker.cpp:40\x1b[m\x1b[K:\n'}
[1.756667] (sllidar_ros2) StderrLine: {'line': b'\x1b[01m\x1b[K/home/sharo/mine-adas/ros2_ws/src/sllidar_ros2/sdk/src/dataunpacker/dataunpacker.h:\x1b[m\x1b[K In member function \xe2\x80\x98\x1b[01m\x1b[Kvirtual void sl::internal::LIDARSampleDataListener::onCustomSampleDataDecoded(_u8, _u32, const void*, size_t)\x1b[m\x1b[K\xe2\x80\x99:\n'}
[1.756828] (sllidar_ros2) StderrLine: {'line': b'\x1b[01m\x1b[K/home/sharo/mine-adas/ros2_ws/src/sllidar_ros2/sdk/src/dataunpacker/dataunpacker.h:54:52:\x1b[m\x1b[K \x1b[01;35m\x1b[Kwarning: \x1b[m\x1b[Kunused parameter \xe2\x80\x98\x1b[01m\x1b[KansType\x1b[m\x1b[K\xe2\x80\x99 [\x1b[01;35m\x1b[K\x1b]8;;https://gcc.gnu.org/onlinedocs/gcc/Warning-Options.html#index-Wunused-parameter\x07-Wunused-parameter\x1b]8;;\x07\x1b[m\x1b[K]\n'}
[1.756915] (sllidar_ros2) StderrLine: {'line': b'   54 |         virtual void onCustomSampleDataDecoded(\x1b[01;35m\x1b[K_u8 ansType\x1b[m\x1b[K, _u32 customCode, const void* data, size_t size) {}\n'}
[1.756985] (sllidar_ros2) StderrLine: {'line': b'      |                                                \x1b[01;35m\x1b[K~~~~^~~~~~~\x1b[m\x1b[K\n'}
[1.757053] (sllidar_ros2) StderrLine: {'line': b'\x1b[01m\x1b[K/home/sharo/mine-adas/ros2_ws/src/sllidar_ros2/sdk/src/dataunpacker/dataunpacker.h:54:66:\x1b[m\x1b[K \x1b[01;35m\x1b[Kwarning: \x1b[m\x1b[Kunused parameter \xe2\x80\x98\x1b[01m\x1b[KcustomCode\x1b[m\x1b[K\xe2\x80\x99 [\x1b[01;35m\x1b[K\x1b]8;;https://gcc.gnu.org/onlinedocs/gcc/Warning-Options.html#index-Wunused-parameter\x07-Wunused-parameter\x1b]8;;\x07\x1b[m\x1b[K]\n'}
[1.757122] (sllidar_ros2) StderrLine: {'line': b'   54 |         virtual void onCustomSampleDataDecoded(_u8 ansType, \x1b[01;35m\x1b[K_u32 customCode\x1b[m\x1b[K, const void* data, size_t size) {}\n'}
[1.757185] (sllidar_ros2) StderrLine: {'line': b'      |                                                             \x1b[01;35m\x1b[K~~~~~^~~~~~~~~~\x1b[m\x1b[K\n'}
[1.757294] (sllidar_ros2) StderrLine: {'line': b'\x1b[01m\x1b[K/home/sharo/mine-adas/ros2_ws/src/sllidar_ros2/sdk/src/dataunpacker/dataunpacker.h:54:90:\x1b[m\x1b[K \x1b[01;35m\x1b[Kwarning: \x1b[m\x1b[Kunused parameter \xe2\x80\x98\x1b[01m\x1b[Kdata\x1b[m\x1b[K\xe2\x80\x99 [\x1b[01;35m\x1b[K\x1b]8;;https://gcc.gnu.org/onlinedocs/gcc/Warning-Options.html#index-Wunused-parameter\x07-Wunused-parameter\x1b]8;;\x07\x1b[m\x1b[K]\n'}
[1.757376] (sllidar_ros2) StderrLine: {'line': b'   54 |         virtual void onCustomSampleDataDecoded(_u8 ansType, _u32 customCode, \x1b[01;35m\x1b[Kconst void* data\x1b[m\x1b[K, size_t size) {}\n'}
[1.757446] (sllidar_ros2) StderrLine: {'line': b'      |                                                                              \x1b[01;35m\x1b[K~~~~~~~~~~~~^~~~\x1b[m\x1b[K\n'}
[1.757507] (sllidar_ros2) StderrLine: {'line': b'\x1b[01m\x1b[K/home/sharo/mine-adas/ros2_ws/src/sllidar_ros2/sdk/src/dataunpacker/dataunpacker.h:54:103:\x1b[m\x1b[K \x1b[01;35m\x1b[Kwarning: \x1b[m\x1b[Kunused parameter \xe2\x80\x98\x1b[01m\x1b[Ksize\x1b[m\x1b[K\xe2\x80\x99 [\x1b[01;35m\x1b[K\x1b]8;;https://gcc.gnu.org/onlinedocs/gcc/Warning-Options.html#index-Wunused-parameter\x07-Wunused-parameter\x1b]8;;\x07\x1b[m\x1b[K]\n'}
[1.757589] (sllidar_ros2) StderrLine: {'line': b'   54 |         virtual void onCustomSampleDataDecoded(_u8 ansType, _u32 customCode, const void* data, \x1b[01;35m\x1b[Ksize_t size\x1b[m\x1b[K) {}\n'}
[1.757648] (sllidar_ros2) StderrLine: {'line': b'      |                                                                                                \x1b[01;35m\x1b[K~~~~~~~^~~~\x1b[m\x1b[K\n'}
[1.757703] (sllidar_ros2) StderrLine: {'line': b'\x1b[01m\x1b[K/home/sharo/mine-adas/ros2_ws/src/sllidar_ros2/sdk/src/dataunpacker/dataunpacker.h:\x1b[m\x1b[K In member function \xe2\x80\x98\x1b[01m\x1b[Kvirtual void sl::internal::LIDARSampleDataListener::onDecodingError(int, _u8, const void*, size_t)\x1b[m\x1b[K\xe2\x80\x99:\n'}
[1.757765] (sllidar_ros2) StderrLine: {'line': b'\x1b[01m\x1b[K/home/sharo/mine-adas/ros2_ws/src/sllidar_ros2/sdk/src/dataunpacker/dataunpacker.h:56:42:\x1b[m\x1b[K \x1b[01;35m\x1b[Kwarning: \x1b[m\x1b[Kunused parameter \xe2\x80\x98\x1b[01m\x1b[KerrMsg\x1b[m\x1b[K\xe2\x80\x99 [\x1b[01;35m\x1b[K\x1b]8;;https://gcc.gnu.org/onlinedocs/gcc/Warning-Options.html#index-Wunused-parameter\x07-Wunused-parameter\x1b]8;;\x07\x1b[m\x1b[K]\n'}
[1.757843] (sllidar_ros2) StderrLine: {'line': b'   56 |         virtual void onDecodingError(\x1b[01;35m\x1b[Kint errMsg\x1b[m\x1b[K, _u8 ansType, const void* payload, size_t size) {}\n'}
[1.757907] (sllidar_ros2) StderrLine: {'line': b'      |                                      \x1b[01;35m\x1b[K~~~~^~~~~~\x1b[m\x1b[K\n'}
[1.757969] (sllidar_ros2) StderrLine: {'line': b'\x1b[01m\x1b[K/home/sharo/mine-adas/ros2_ws/src/sllidar_ros2/sdk/src/dataunpacker/dataunpacker.h:56:54:\x1b[m\x1b[K \x1b[01;35m\x1b[Kwarning: \x1b[m\x1b[Kunused parameter \xe2\x80\x98\x1b[01m\x1b[KansType\x1b[m\x1b[K\xe2\x80\x99 [\x1b[01;35m\x1b[K\x1b]8;;https://gcc.gnu.org/onlinedocs/gcc/Warning-Options.html#index-Wunused-parameter\x07-Wunused-parameter\x1b]8;;\x07\x1b[m\x1b[K]\n'}
[1.758035] (sllidar_ros2) StderrLine: {'line': b'   56 |         virtual void onDecodingError(int errMsg, \x1b[01;35m\x1b[K_u8 ansType\x1b[m\x1b[K, const void* payload, size_t size) {}\n'}
[1.758101] (sllidar_ros2) StderrLine: {'line': b'      |                                                  \x1b[01;35m\x1b[K~~~~^~~~~~~\x1b[m\x1b[K\n'}
[1.758168] (sllidar_ros2) StderrLine: {'line': b'\x1b[01m\x1b[K/home/sharo/mine-adas/ros2_ws/src/sllidar_ros2/sdk/src/dataunpacker/dataunpacker.h:56:75:\x1b[m\x1b[K \x1b[01;35m\x1b[Kwarning: \x1b[m\x1b[Kunused parameter \xe2\x80\x98\x1b[01m\x1b[Kpayload\x1b[m\x1b[K\xe2\x80\x99 [\x1b[01;35m\x1b[K\x1b]8;;https://gcc.gnu.org/onlinedocs/gcc/Warning-Options.html#index-Wunused-parameter\x07-Wunused-parameter\x1b]8;;\x07\x1b[m\x1b[K]\n'}
[1.758273] (sllidar_ros2) StderrLine: {'line': b'   56 |         virtual void onDecodingError(int errMsg, _u8 ansType, \x1b[01;35m\x1b[Kconst void* payload\x1b[m\x1b[K, size_t size) {}\n'}
[1.758342] (sllidar_ros2) StderrLine: {'line': b'      |                                                               \x1b[01;35m\x1b[K~~~~~~~~~~~~^~~~~~~\x1b[m\x1b[K\n'}
[1.758420] (sllidar_ros2) StderrLine: {'line': b'\x1b[01m\x1b[K/home/sharo/mine-adas/ros2_ws/src/sllidar_ros2/sdk/src/dataunpacker/dataunpacker.h:56:91:\x1b[m\x1b[K \x1b[01;35m\x1b[Kwarning: \x1b[m\x1b[Kunused parameter \xe2\x80\x98\x1b[01m\x1b[Ksize\x1b[m\x1b[K\xe2\x80\x99 [\x1b[01;35m\x1b[K\x1b]8;;https://gcc.gnu.org/onlinedocs/gcc/Warning-Options.html#index-Wunused-parameter\x07-Wunused-parameter\x1b]8;;\x07\x1b[m\x1b[K]\n'}
[1.758488] (sllidar_ros2) StderrLine: {'line': b'   56 |         virtual void onDecodingError(int errMsg, _u8 ansType, const void* payload, \x1b[01;35m\x1b[Ksize_t size\x1b[m\x1b[K) {}\n'}
[1.758547] (sllidar_ros2) StderrLine: {'line': b'      |                                                                                    \x1b[01;35m\x1b[K~~~~~~~^~~~\x1b[m\x1b[K\n'}
[1.772955] (sllidar_ros2) StdoutLine: {'line': b'[ 50%] \x1b[32mBuilding CXX object CMakeFiles/sllidar_node.dir/sdk/src/hal/thread.cpp.o\x1b[0m\n'}
[1.805324] (sllidar_ros2) StderrLine: {'line': b'In file included from \x1b[01m\x1b[K/home/sharo/mine-adas/ros2_ws/src/sllidar_ros2/sdk/src/dataunpacker/unpacker/handler_capsules.cpp:40\x1b[m\x1b[K:\n'}
[1.805619] (sllidar_ros2) StderrLine: {'line': b'\x1b[01m\x1b[K/home/sharo/mine-adas/ros2_ws/src/sllidar_ros2/sdk/src/dataunpacker/unpacker/../dataunpacker.h:\x1b[m\x1b[K In member function \xe2\x80\x98\x1b[01m\x1b[Kvirtual void sl::internal::LIDARSampleDataListener::onCustomSampleDataDecoded(_u8, _u32, const void*, size_t)\x1b[m\x1b[K\xe2\x80\x99:\n'}
[1.805742] (sllidar_ros2) StderrLine: {'line': b'\x1b[01m\x1b[K/home/sharo/mine-adas/ros2_ws/src/sllidar_ros2/sdk/src/dataunpacker/unpacker/../dataunpacker.h:54:52:\x1b[m\x1b[K \x1b[01;35m\x1b[Kwarning: \x1b[m\x1b[Kunused parameter \xe2\x80\x98\x1b[01m\x1b[KansType\x1b[m\x1b[K\xe2\x80\x99 [\x1b[01;35m\x1b[K\x1b]8;;https://gcc.gnu.org/onlinedocs/gcc/Warning-Options.html#index-Wunused-parameter\x07-Wunused-parameter\x1b]8;;\x07\x1b[m\x1b[K]\n'}
[1.805824] (sllidar_ros2) StderrLine: {'line': b'   54 |         virtual void onCustomSampleDataDecoded(\x1b[01;35m\x1b[K_u8 ansType\x1b[m\x1b[K, _u32 customCode, const void* data, size_t size) {}\n'}
[1.805922] (sllidar_ros2) StderrLine: {'line': b'      |                                                \x1b[01;35m\x1b[K~~~~^~~~~~~\x1b[m\x1b[K\n'}
[1.805994] (sllidar_ros2) StderrLine: {'line': b'\x1b[01m\x1b[K/home/sharo/mine-adas/ros2_ws/src/sllidar_ros2/sdk/src/dataunpacker/unpacker/../dataunpacker.h:54:66:\x1b[m\x1b[K \x1b[01;35m\x1b[Kwarning: \x1b[m\x1b[Kunused parameter \xe2\x80\x98\x1b[01m\x1b[KcustomCode\x1b[m\x1b[K\xe2\x80\x99 [\x1b[01;35m\x1b[K\x1b]8;;https://gcc.gnu.org/onlinedocs/gcc/Warning-Options.html#index-Wunused-parameter\x07-Wunused-parameter\x1b]8;;\x07\x1b[m\x1b[K]\n'}
[1.806079] (sllidar_ros2) StderrLine: {'line': b'   54 |         virtual void onCustomSampleDataDecoded(_u8 ansType, \x1b[01;35m\x1b[K_u32 customCode\x1b[m\x1b[K, const void* data, size_t size) {}\n'}
[1.806149] (sllidar_ros2) StderrLine: {'line': b'      |                                                             \x1b[01;35m\x1b[K~~~~~^~~~~~~~~~\x1b[m\x1b[K\n'}
[1.806238] (sllidar_ros2) StderrLine: {'line': b'\x1b[01m\x1b[K/home/sharo/mine-adas/ros2_ws/src/sllidar_ros2/sdk/src/dataunpacker/unpacker/../dataunpacker.h:54:90:\x1b[m\x1b[K \x1b[01;35m\x1b[Kwarning: \x1b[m\x1b[Kunused parameter \xe2\x80\x98\x1b[01m\x1b[Kdata\x1b[m\x1b[K\xe2\x80\x99 [\x1b[01;35m\x1b[K\x1b]8;;https://gcc.gnu.org/onlinedocs/gcc/Warning-Options.html#index-Wunused-parameter\x07-Wunused-parameter\x1b]8;;\x07\x1b[m\x1b[K]\n'}
[1.806341] (sllidar_ros2) StderrLine: {'line': b'   54 |         virtual void onCustomSampleDataDecoded(_u8 ansType, _u32 customCode, \x1b[01;35m\x1b[Kconst void* data\x1b[m\x1b[K, size_t size) {}\n'}
[1.806412] (sllidar_ros2) StderrLine: {'line': b'      |                                                                              \x1b[01;35m\x1b[K~~~~~~~~~~~~^~~~\x1b[m\x1b[K\n'}
[1.806486] (sllidar_ros2) StderrLine: {'line': b'\x1b[01m\x1b[K/home/sharo/mine-adas/ros2_ws/src/sllidar_ros2/sdk/src/dataunpacker/unpacker/../dataunpacker.h:54:103:\x1b[m\x1b[K \x1b[01;35m\x1b[Kwarning: \x1b[m\x1b[Kunused parameter \xe2\x80\x98\x1b[01m\x1b[Ksize\x1b[m\x1b[K\xe2\x80\x99 [\x1b[01;35m\x1b[K\x1b]8;;https://gcc.gnu.org/onlinedocs/gcc/Warning-Options.html#index-Wunused-parameter\x07-Wunused-parameter\x1b]8;;\x07\x1b[m\x1b[K]\n'}
[1.806562] (sllidar_ros2) StderrLine: {'line': b'   54 |         virtual void onCustomSampleDataDecoded(_u8 ansType, _u32 customCode, const void* data, \x1b[01;35m\x1b[Ksize_t size\x1b[m\x1b[K) {}\n'}
[1.806638] (sllidar_ros2) StderrLine: {'line': b'      |                                                                                                \x1b[01;35m\x1b[K~~~~~~~^~~~\x1b[m\x1b[K\n'}
[1.806708] (sllidar_ros2) StderrLine: {'line': b'\x1b[01m\x1b[K/home/sharo/mine-adas/ros2_ws/src/sllidar_ros2/sdk/src/dataunpacker/unpacker/../dataunpacker.h:\x1b[m\x1b[K In member function \xe2\x80\x98\x1b[01m\x1b[Kvirtual void sl::internal::LIDARSampleDataListener::onDecodingError(int, _u8, const void*, size_t)\x1b[m\x1b[K\xe2\x80\x99:\n'}
[1.806782] (sllidar_ros2) StderrLine: {'line': b'\x1b[01m\x1b[K/home/sharo/mine-adas/ros2_ws/src/sllidar_ros2/sdk/src/dataunpacker/unpacker/../dataunpacker.h:56:42:\x1b[m\x1b[K \x1b[01;35m\x1b[Kwarning: \x1b[m\x1b[Kunused parameter \xe2\x80\x98\x1b[01m\x1b[KerrMsg\x1b[m\x1b[K\xe2\x80\x99 [\x1b[01;35m\x1b[K\x1b]8;;https://gcc.gnu.org/onlinedocs/gcc/Warning-Options.html#index-Wunused-parameter\x07-Wunused-parameter\x1b]8;;\x07\x1b[m\x1b[K]\n'}
[1.806859] (sllidar_ros2) StderrLine: {'line': b'   56 |         virtual void onDecodingError(\x1b[01;35m\x1b[Kint errMsg\x1b[m\x1b[K, _u8 ansType, const void* payload, size_t size) {}\n'}
[1.806951] (sllidar_ros2) StderrLine: {'line': b'      |                                      \x1b[01;35m\x1b[K~~~~^~~~~~\x1b[m\x1b[K\n'}
[1.807023] (sllidar_ros2) StderrLine: {'line': b'\x1b[01m\x1b[K/home/sharo/mine-adas/ros2_ws/src/sllidar_ros2/sdk/src/dataunpacker/unpacker/../dataunpacker.h:56:54:\x1b[m\x1b[K \x1b[01;35m\x1b[Kwarning: \x1b[m\x1b[Kunused parameter \xe2\x80\x98\x1b[01m\x1b[KansType\x1b[m\x1b[K\xe2\x80\x99 [\x1b[01;35m\x1b[K\x1b]8;;https://gcc.gnu.org/onlinedocs/gcc/Warning-Options.html#index-Wunused-parameter\x07-Wunused-parameter\x1b]8;;\x07\x1b[m\x1b[K]\n'}
[1.807108] (sllidar_ros2) StderrLine: {'line': b'   56 |         virtual void onDecodingError(int errMsg, \x1b[01;35m\x1b[K_u8 ansType\x1b[m\x1b[K, const void* payload, size_t size) {}\n'}
[1.807169] (sllidar_ros2) StderrLine: {'line': b'      |                                                  \x1b[01;35m\x1b[K~~~~^~~~~~~\x1b[m\x1b[K\n'}
[1.807255] (sllidar_ros2) StderrLine: {'line': b'\x1b[01m\x1b[K/home/sharo/mine-adas/ros2_ws/src/sllidar_ros2/sdk/src/dataunpacker/unpacker/../dataunpacker.h:56:75:\x1b[m\x1b[K \x1b[01;35m\x1b[Kwarning: \x1b[m\x1b[Kunused parameter \xe2\x80\x98\x1b[01m\x1b[Kpayload\x1b[m\x1b[K\xe2\x80\x99 [\x1b[01;35m\x1b[K\x1b]8;;https://gcc.gnu.org/onlinedocs/gcc/Warning-Options.html#index-Wunused-parameter\x07-Wunused-parameter\x1b]8;;\x07\x1b[m\x1b[K]\n'}
[1.807334] (sllidar_ros2) StderrLine: {'line': b'   56 |         virtual void onDecodingError(int errMsg, _u8 ansType, \x1b[01;35m\x1b[Kconst void* payload\x1b[m\x1b[K, size_t size) {}\n'}
[1.807402] (sllidar_ros2) StderrLine: {'line': b'      |                                                               \x1b[01;35m\x1b[K~~~~~~~~~~~~^~~~~~~\x1b[m\x1b[K\n'}
[1.807473] (sllidar_ros2) StderrLine: {'line': b'\x1b[01m\x1b[K/home/sharo/mine-adas/ros2_ws/src/sllidar_ros2/sdk/src/dataunpacker/unpacker/../dataunpacker.h:56:91:\x1b[m\x1b[K \x1b[01;35m\x1b[Kwarning: \x1b[m\x1b[Kunused parameter \xe2\x80\x98\x1b[01m\x1b[Ksize\x1b[m\x1b[K\xe2\x80\x99 [\x1b[01;35m\x1b[K\x1b]8;;https://gcc.gnu.org/onlinedocs/gcc/Warning-Options.html#index-Wunused-parameter\x07-Wunused-parameter\x1b]8;;\x07\x1b[m\x1b[K]\n'}
[1.807547] (sllidar_ros2) StderrLine: {'line': b'   56 |         virtual void onDecodingError(int errMsg, _u8 ansType, const void* payload, \x1b[01;35m\x1b[Ksize_t size\x1b[m\x1b[K) {}\n'}
[1.807611] (sllidar_ros2) StderrLine: {'line': b'      |                                                                                    \x1b[01;35m\x1b[K~~~~~~~^~~~\x1b[m\x1b[K\n'}
[1.812312] (-) TimerEvent: {}
[1.819739] (sllidar_ros2) StderrLine: {'line': b'\x1b[01m\x1b[K/home/sharo/mine-adas/ros2_ws/src/sllidar_ros2/sdk/src/dataunpacker/unpacker/handler_capsules.cpp:\x1b[m\x1b[K In member function \xe2\x80\x98\x1b[01m\x1b[Kvoid sl::internal::unpacker::UnpackerHandler_DenseCapsuleNode::_onScanNodeDenseCapsuleData(rplidar_response_dense_capsule_measurement_nodes_t&, sl::internal::LIDARSampleDataUnpackerInner*)\x1b[m\x1b[K\xe2\x80\x99:\n'}
[1.820023] (sllidar_ros2) StderrLine: {'line': b'\x1b[01m\x1b[K/home/sharo/mine-adas/ros2_ws/src/sllidar_ros2/sdk/src/dataunpacker/unpacker/handler_capsules.cpp:763:30:\x1b[m\x1b[K \x1b[01;35m\x1b[Kwarning: \x1b[m\x1b[Ktype qualifiers ignored on cast result type [\x1b[01;35m\x1b[K\x1b]8;;https://gcc.gnu.org/onlinedocs/gcc/Warning-Options.html#index-Wignored-qualifiers\x07-Wignored-qualifiers\x1b]8;;\x07\x1b[m\x1b[K]\n'}
[1.820142] (sllidar_ros2) StderrLine: {'line': b'  763 |             const int dist = \x1b[01;35m\x1b[Kstatic_cast<const int>(_cached_previous_dense_capsuledata.cabins[pos].distance)\x1b[m\x1b[K;\n'}
[1.820235] (sllidar_ros2) StderrLine: {'line': b'      |                              \x1b[01;35m\x1b[K^~~~~~~~~~~~~~~~~~~~~~~~~~~~~~~~~~~~~~~~~~~~~~~~~~~~~~~~~~~~~~~~~~~~~~~~~~~~~~~\x1b[m\x1b[K\n'}
[1.830312] (sllidar_ros2) StderrLine: {'line': b'In file included from \x1b[01m\x1b[K/home/sharo/mine-adas/ros2_ws/src/sllidar_ros2/sdk/src/dataunpacker/unpacker/handler_hqnode.cpp:40\x1b[m\x1b[K:\n'}
[1.830593] (sllidar_ros2) StderrLine: {'line': b'\x1b[01m\x1b[K/home/sharo/mine-adas/ros2_ws/src/sllidar_ros2/sdk/src/dataunpacker/unpacker/../dataunpacker.h:\x1b[m\x1b[K In member function \xe2\x80\x98\x1b[01m\x1b[Kvirtual void sl::internal::LIDARSampleDataListener::onCustomSampleDataDecoded(_u8, _u32, const void*, size_t)\x1b[m\x1b[K\xe2\x80\x99:\n'}
[1.830691] (sllidar_ros2) StderrLine: {'line': b'\x1b[01m\x1b[K/home/sharo/mine-adas/ros2_ws/src/sllidar_ros2/sdk/src/dataunpacker/unpacker/../dataunpacker.h:54:52:\x1b[m\x1b[K \x1b[01;35m\x1b[Kwarning: \x1b[m\x1b[Kunused parameter \xe2\x80\x98\x1b[01m\x1b[KansType\x1b[m\x1b[K\xe2\x80\x99 [\x1b[01;35m\x1b[K\x1b]8;;https://gcc.gnu.org/onlinedocs/gcc/Warning-Options.html#index-Wunused-parameter\x07-Wunused-parameter\x1b]8;;\x07\x1b[m\x1b[K]\n'}
[1.830796] (sllidar_ros2) StderrLine: {'line': b'   54 |         virtual void onCustomSampleDataDecoded(\x1b[01;35m\x1b[K_u8 ansType\x1b[m\x1b[K, _u32 customCode, const void* data, size_t size) {}\n'}
[1.830875] (sllidar_ros2) StderrLine: {'line': b'      |                                                \x1b[01;35m\x1b[K~~~~^~~~~~~\x1b[m\x1b[K\n'}
[1.830949] (sllidar_ros2) StderrLine: {'line': b'\x1b[01m\x1b[K/home/sharo/mine-adas/ros2_ws/src/sllidar_ros2/sdk/src/dataunpacker/unpacker/../dataunpacker.h:54:66:\x1b[m\x1b[K \x1b[01;35m\x1b[Kwarning: \x1b[m\x1b[Kunused parameter \xe2\x80\x98\x1b[01m\x1b[KcustomCode\x1b[m\x1b[K\xe2\x80\x99 [\x1b[01;35m\x1b[K\x1b]8;;https://gcc.gnu.org/onlinedocs/gcc/Warning-Options.html#index-Wunused-parameter\x07-Wunused-parameter\x1b]8;;\x07\x1b[m\x1b[K]\n'}
[1.831029] (sllidar_ros2) StderrLine: {'line': b'   54 |         virtual void onCustomSampleDataDecoded(_u8 ansType, \x1b[01;35m\x1b[K_u32 customCode\x1b[m\x1b[K, const void* data, size_t size) {}\n'}
[1.831121] (sllidar_ros2) StderrLine: {'line': b'      |                                                             \x1b[01;35m\x1b[K~~~~~^~~~~~~~~~\x1b[m\x1b[K\n'}
[1.831202] (sllidar_ros2) StderrLine: {'line': b'\x1b[01m\x1b[K/home/sharo/mine-adas/ros2_ws/src/sllidar_ros2/sdk/src/dataunpacker/unpacker/../dataunpacker.h:54:90:\x1b[m\x1b[K \x1b[01;35m\x1b[Kwarning: \x1b[m\x1b[Kunused parameter \xe2\x80\x98\x1b[01m\x1b[Kdata\x1b[m\x1b[K\xe2\x80\x99 [\x1b[01;35m\x1b[K\x1b]8;;https://gcc.gnu.org/onlinedocs/gcc/Warning-Options.html#index-Wunused-parameter\x07-Wunused-parameter\x1b]8;;\x07\x1b[m\x1b[K]\n'}
[1.831345] (sllidar_ros2) StderrLine: {'line': b'   54 |         virtual void onCustomSampleDataDecoded(_u8 ansType, _u32 customCode, \x1b[01;35m\x1b[Kconst void* data\x1b[m\x1b[K, size_t size) {}\n'}
[1.831421] (sllidar_ros2) StderrLine: {'line': b'      |                                                                              \x1b[01;35m\x1b[K~~~~~~~~~~~~^~~~\x1b[m\x1b[K\n'}
[1.831491] (sllidar_ros2) StderrLine: {'line': b'\x1b[01m\x1b[K/home/sharo/mine-adas/ros2_ws/src/sllidar_ros2/sdk/src/dataunpacker/unpacker/../dataunpacker.h:54:103:\x1b[m\x1b[K \x1b[01;35m\x1b[Kwarning: \x1b[m\x1b[Kunused parameter \xe2\x80\x98\x1b[01m\x1b[Ksize\x1b[m\x1b[K\xe2\x80\x99 [\x1b[01;35m\x1b[K\x1b]8;;https://gcc.gnu.org/onlinedocs/gcc/Warning-Options.html#index-Wunused-parameter\x07-Wunused-parameter\x1b]8;;\x07\x1b[m\x1b[K]\n'}
[1.831558] (sllidar_ros2) StderrLine: {'line': b'   54 |         virtual void onCustomSampleDataDecoded(_u8 ansType, _u32 customCode, const void* data, \x1b[01;35m\x1b[Ksize_t size\x1b[m\x1b[K) {}\n'}
[1.831631] (sllidar_ros2) StderrLine: {'line': b'      |                                                                                                \x1b[01;35m\x1b[K~~~~~~~^~~~\x1b[m\x1b[K\n'}
[1.831703] (sllidar_ros2) StderrLine: {'line': b'\x1b[01m\x1b[K/home/sharo/mine-adas/ros2_ws/src/sllidar_ros2/sdk/src/dataunpacker/unpacker/../dataunpacker.h:\x1b[m\x1b[K In member function \xe2\x80\x98\x1b[01m\x1b[Kvirtual void sl::internal::LIDARSampleDataListener::onDecodingError(int, _u8, const void*, size_t)\x1b[m\x1b[K\xe2\x80\x99:\n'}
[1.831782] (sllidar_ros2) StderrLine: {'line': b'\x1b[01m\x1b[K/home/sharo/mine-adas/ros2_ws/src/sllidar_ros2/sdk/src/dataunpacker/unpacker/../dataunpacker.h:56:42:\x1b[m\x1b[K \x1b[01;35m\x1b[Kwarning: \x1b[m\x1b[Kunused parameter \xe2\x80\x98\x1b[01m\x1b[KerrMsg\x1b[m\x1b[K\xe2\x80\x99 [\x1b[01;35m\x1b[K\x1b]8;;https://gcc.gnu.org/onlinedocs/gcc/Warning-Options.html#index-Wunused-parameter\x07-Wunused-parameter\x1b]8;;\x07\x1b[m\x1b[K]\n'}
[1.831868] (sllidar_ros2) StderrLine: {'line': b'   56 |         virtual void onDecodingError(\x1b[01;35m\x1b[Kint errMsg\x1b[m\x1b[K, _u8 ansType, const void* payload, size_t size) {}\n'}
[1.831967] (sllidar_ros2) StderrLine: {'line': b'      |                                      \x1b[01;35m\x1b[K~~~~^~~~~~\x1b[m\x1b[K\n'}
[1.832050] (sllidar_ros2) StderrLine: {'line': b'\x1b[01m\x1b[K/home/sharo/mine-adas/ros2_ws/src/sllidar_ros2/sdk/src/dataunpacker/unpacker/../dataunpacker.h:56:54:\x1b[m\x1b[K \x1b[01;35m\x1b[Kwarning: \x1b[m\x1b[Kunused parameter \xe2\x80\x98\x1b[01m\x1b[KansType\x1b[m\x1b[K\xe2\x80\x99 [\x1b[01;35m\x1b[K\x1b]8;;https://gcc.gnu.org/onlinedocs/gcc/Warning-Options.html#index-Wunused-parameter\x07-Wunused-parameter\x1b]8;;\x07\x1b[m\x1b[K]\n'}
[1.832119] (sllidar_ros2) StderrLine: {'line': b'   56 |         virtual void onDecodingError(int errMsg, \x1b[01;35m\x1b[K_u8 ansType\x1b[m\x1b[K, const void* payload, size_t size) {}\n'}
[1.832272] (sllidar_ros2) StderrLine: {'line': b'      |                                                  \x1b[01;35m\x1b[K~~~~^~~~~~~\x1b[m\x1b[K\n'}
[1.832340] (sllidar_ros2) StderrLine: {'line': b'\x1b[01m\x1b[K/home/sharo/mine-adas/ros2_ws/src/sllidar_ros2/sdk/src/dataunpacker/unpacker/../dataunpacker.h:56:75:\x1b[m\x1b[K \x1b[01;35m\x1b[Kwarning: \x1b[m\x1b[Kunused parameter \xe2\x80\x98\x1b[01m\x1b[Kpayload\x1b[m\x1b[K\xe2\x80\x99 [\x1b[01;35m\x1b[K\x1b]8;;https://gcc.gnu.org/onlinedocs/gcc/Warning-Options.html#index-Wunused-parameter\x07-Wunused-parameter\x1b]8;;\x07\x1b[m\x1b[K]\n'}
[1.832408] (sllidar_ros2) StderrLine: {'line': b'   56 |         virtual void onDecodingError(int errMsg, _u8 ansType, \x1b[01;35m\x1b[Kconst void* payload\x1b[m\x1b[K, size_t size) {}\n'}
[1.832472] (sllidar_ros2) StderrLine: {'line': b'      |                                                               \x1b[01;35m\x1b[K~~~~~~~~~~~~^~~~~~~\x1b[m\x1b[K\n'}
[1.832536] (sllidar_ros2) StderrLine: {'line': b'\x1b[01m\x1b[K/home/sharo/mine-adas/ros2_ws/src/sllidar_ros2/sdk/src/dataunpacker/unpacker/../dataunpacker.h:56:91:\x1b[m\x1b[K \x1b[01;35m\x1b[Kwarning: \x1b[m\x1b[Kunused parameter \xe2\x80\x98\x1b[01m\x1b[Ksize\x1b[m\x1b[K\xe2\x80\x99 [\x1b[01;35m\x1b[K\x1b]8;;https://gcc.gnu.org/onlinedocs/gcc/Warning-Options.html#index-Wunused-parameter\x07-Wunused-parameter\x1b]8;;\x07\x1b[m\x1b[K]\n'}
[1.832604] (sllidar_ros2) StderrLine: {'line': b'   56 |         virtual void onDecodingError(int errMsg, _u8 ansType, const void* payload, \x1b[01;35m\x1b[Ksize_t size\x1b[m\x1b[K) {}\n'}
[1.832675] (sllidar_ros2) StderrLine: {'line': b'      |                                                                                    \x1b[01;35m\x1b[K~~~~~~~^~~~\x1b[m\x1b[K\n'}
[1.855328] (sllidar_ros2) StdoutLine: {'line': b'[ 55%] \x1b[32mBuilding CXX object CMakeFiles/sllidar_node.dir/sdk/src/rplidar_driver.cpp.o\x1b[0m\n'}
[1.912444] (-) TimerEvent: {}
[2.012848] (-) TimerEvent: {}
[2.030787] (sllidar_ros2) StdoutLine: {'line': b'[ 60%] \x1b[32mBuilding CXX object CMakeFiles/sllidar_node.dir/sdk/src/sl_async_transceiver.cpp.o\x1b[0m\n'}
[2.097772] (sllidar_ros2) StdoutLine: {'line': b'[ 65%] \x1b[32mBuilding CXX object CMakeFiles/sllidar_node.dir/sdk/src/sl_crc.cpp.o\x1b[0m\n'}
[2.104597] (sllidar_ros2) StdoutLine: {'line': b'[ 70%] \x1b[32mBuilding CXX object CMakeFiles/sllidar_node.dir/sdk/src/sl_lidar_driver.cpp.o\x1b[0m\n'}
[2.112988] (-) TimerEvent: {}
[2.128074] (sllidar_ros2) StderrLine: {'line': b'In file included from \x1b[01m\x1b[K/home/sharo/mine-adas/ros2_ws/src/sllidar_ros2/./sdk/include/sl_lidar_cmd.h:41\x1b[m\x1b[K,\n'}
[2.128359] (sllidar_ros2) StderrLine: {'line': b'                 from \x1b[01m\x1b[K/home/sharo/mine-adas/ros2_ws/src/sllidar_ros2/./sdk/include/sl_crc.h:36\x1b[m\x1b[K,\n'}
[2.128455] (sllidar_ros2) StderrLine: {'line': b'                 from \x1b[01m\x1b[K/home/sharo/mine-adas/ros2_ws/src/sllidar_ros2/sdk/src/sl_crc.cpp:33\x1b[m\x1b[K:\n'}
[2.128523] (sllidar_ros2) StderrLine: {'line': b'\x1b[01m\x1b[K/home/sharo/mine-adas/ros2_ws/src/sllidar_ros2/./sdk/include/sl_lidar_protocol.h:66:16:\x1b[m\x1b[K \x1b[01;35m\x1b[Kwarning: \x1b[m\x1b[KISO C++ forbids zero-size array \xe2\x80\x98\x1b[01m\x1b[Kdata\x1b[m\x1b[K\xe2\x80\x99 [\x1b[01;35m\x1b[K\x1b]8;;https://gcc.gnu.org/onlinedocs/gcc/Warning-Options.html#index-Wpedantic\x07-Wpedantic\x1b]8;;\x07\x1b[m\x1b[K]\n'}
[2.128615] (sllidar_ros2) StderrLine: {'line': b'   66 |     sl_u8 data[\x1b[01;35m\x1b[K0\x1b[m\x1b[K];\n'}
[2.128675] (sllidar_ros2) StderrLine: {'line': b'      |                \x1b[01;35m\x1b[K^\x1b[m\x1b[K\n'}
[2.131327] (sllidar_ros2) StderrLine: {'line': b'In file included from \x1b[01m\x1b[K/home/sharo/mine-adas/ros2_ws/src/sllidar_ros2/./sdk/include/sl_crc.h:36\x1b[m\x1b[K,\n'}
[2.131619] (sllidar_ros2) StderrLine: {'line': b'                 from \x1b[01m\x1b[K/home/sharo/mine-adas/ros2_ws/src/sllidar_ros2/sdk/src/sl_crc.cpp:33\x1b[m\x1b[K:\n'}
[2.131698] (sllidar_ros2) StderrLine: {'line': b'\x1b[01m\x1b[K/home/sharo/mine-adas/ros2_ws/src/sllidar_ros2/./sdk/include/sl_lidar_cmd.h:324:20:\x1b[m\x1b[K \x1b[01;35m\x1b[Kwarning: \x1b[m\x1b[KISO C++ forbids zero-size array \xe2\x80\x98\x1b[01m\x1b[Kpayload\x1b[m\x1b[K\xe2\x80\x99 [\x1b[01;35m\x1b[K\x1b]8;;https://gcc.gnu.org/onlinedocs/gcc/Warning-Options.html#index-Wpedantic\x07-Wpedantic\x1b]8;;\x07\x1b[m\x1b[K]\n'}
[2.131772] (sllidar_ros2) StderrLine: {'line': b'  324 |     sl_u8  payload[\x1b[01;35m\x1b[K0\x1b[m\x1b[K];\n'}
[2.131839] (sllidar_ros2) StderrLine: {'line': b'      |                    \x1b[01;35m\x1b[K^\x1b[m\x1b[K\n'}
[2.169384] (sllidar_ros2) StdoutLine: {'line': b'[ 75%] \x1b[32mBuilding CXX object CMakeFiles/sllidar_node.dir/sdk/src/sl_lidarprotocol_codec.cpp.o\x1b[0m\n'}
[2.213314] (-) TimerEvent: {}
[2.314320] (-) TimerEvent: {}
[2.328355] (sllidar_ros2) StderrLine: {'line': b'In file included from \x1b[01m\x1b[K/home/sharo/mine-adas/ros2_ws/src/sllidar_ros2/./sdk/include/rplidar_protocol.h:36\x1b[m\x1b[K,\n'}
[2.328620] (sllidar_ros2) StderrLine: {'line': b'                 from \x1b[01m\x1b[K/home/sharo/mine-adas/ros2_ws/src/sllidar_ros2/./sdk/include/rplidar.h:39\x1b[m\x1b[K,\n'}
[2.328711] (sllidar_ros2) StderrLine: {'line': b'                 from \x1b[01m\x1b[K/home/sharo/mine-adas/ros2_ws/src/sllidar_ros2/./sdk/src/sdkcommon.h:49\x1b[m\x1b[K,\n'}
[2.328809] (sllidar_ros2) StderrLine: {'line': b'                 from \x1b[01m\x1b[K/home/sharo/mine-adas/ros2_ws/src/sllidar_ros2/sdk/src/dataunpacker/unpacker/../dataunnpacker_commondef.h:41\x1b[m\x1b[K,\n'}
[2.328903] (sllidar_ros2) StderrLine: {'line': b'                 from \x1b[01m\x1b[K/home/sharo/mine-adas/ros2_ws/src/sllidar_ros2/sdk/src/dataunpacker/unpacker/handler_normalnode.cpp:39\x1b[m\x1b[K:\n'}
[2.328988] (sllidar_ros2) StderrLine: {'line': b'\x1b[01m\x1b[K/home/sharo/mine-adas/ros2_ws/src/sllidar_ros2/./sdk/include/sl_lidar_protocol.h:66:16:\x1b[m\x1b[K \x1b[01;35m\x1b[Kwarning: \x1b[m\x1b[KISO C++ forbids zero-size array \xe2\x80\x98\x1b[01m\x1b[Kdata\x1b[m\x1b[K\xe2\x80\x99 [\x1b[01;35m\x1b[K\x1b]8;;https://gcc.gnu.org/onlinedocs/gcc/Warning-Options.html#index-Wpedantic\x07-Wpedantic\x1b]8;;\x07\x1b[m\x1b[K]\n'}
[2.330522] (sllidar_ros2) StderrLine: {'line': b'   66 |     sl_u8 data[\x1b[01;35m\x1b[K0\x1b[m\x1b[K];\n'}
[2.330699] (sllidar_ros2) StderrLine: {'line': b'      |                \x1b[01;35m\x1b[K^\x1b[m\x1b[K\n'}
[2.330771] (sllidar_ros2) StderrLine: {'line': b'In file included from \x1b[01m\x1b[K/home/sharo/mine-adas/ros2_ws/src/sllidar_ros2/./sdk/include/rplidar_cmd.h:36\x1b[m\x1b[K,\n'}
[2.330848] (sllidar_ros2) StderrLine: {'line': b'                 from \x1b[01m\x1b[K/home/sharo/mine-adas/ros2_ws/src/sllidar_ros2/./sdk/include/rplidar.h:40\x1b[m\x1b[K,\n'}
[2.330924] (sllidar_ros2) StderrLine: {'line': b'                 from \x1b[01m\x1b[K/home/sharo/mine-adas/ros2_ws/src/sllidar_ros2/./sdk/src/sdkcommon.h:49\x1b[m\x1b[K,\n'}
[2.330991] (sllidar_ros2) StderrLine: {'line': b'                 from \x1b[01m\x1b[K/home/sharo/mine-adas/ros2_ws/src/sllidar_ros2/sdk/src/dataunpacker/unpacker/../dataunnpacker_commondef.h:41\x1b[m\x1b[K,\n'}
[2.331052] (sllidar_ros2) StderrLine: {'line': b'                 from \x1b[01m\x1b[K/home/sharo/mine-adas/ros2_ws/src/sllidar_ros2/sdk/src/dataunpacker/unpacker/handler_normalnode.cpp:39\x1b[m\x1b[K:\n'}
[2.331134] (sllidar_ros2) StderrLine: {'line': b'\x1b[01m\x1b[K/home/sharo/mine-adas/ros2_ws/src/sllidar_ros2/./sdk/include/sl_lidar_cmd.h:324:20:\x1b[m\x1b[K \x1b[01;35m\x1b[Kwarning: \x1b[m\x1b[KISO C++ forbids zero-size array \xe2\x80\x98\x1b[01m\x1b[Kpayload\x1b[m\x1b[K\xe2\x80\x99 [\x1b[01;35m\x1b[K\x1b]8;;https://gcc.gnu.org/onlinedocs/gcc/Warning-Options.html#index-Wpedantic\x07-Wpedantic\x1b]8;;\x07\x1b[m\x1b[K]\n'}
[2.331202] (sllidar_ros2) StderrLine: {'line': b'  324 |     sl_u8  payload[\x1b[01;35m\x1b[K0\x1b[m\x1b[K];\n'}
[2.331301] (sllidar_ros2) StderrLine: {'line': b'      |                    \x1b[01;35m\x1b[K^\x1b[m\x1b[K\n'}
[2.359315] (sllidar_ros2) StderrLine: {'line': b'In file included from \x1b[01m\x1b[K/home/sharo/mine-adas/ros2_ws/src/sllidar_ros2/./sdk/include/rplidar_protocol.h:36\x1b[m\x1b[K,\n'}
[2.359629] (sllidar_ros2) StderrLine: {'line': b'                 from \x1b[01m\x1b[K/home/sharo/mine-adas/ros2_ws/src/sllidar_ros2/./sdk/include/rplidar.h:39\x1b[m\x1b[K,\n'}
[2.359721] (sllidar_ros2) StderrLine: {'line': b'                 from \x1b[01m\x1b[K/home/sharo/mine-adas/ros2_ws/src/sllidar_ros2/./sdk/src/sdkcommon.h:49\x1b[m\x1b[K,\n'}
[2.359788] (sllidar_ros2) StderrLine: {'line': b'                 from \x1b[01m\x1b[K/home/sharo/mine-adas/ros2_ws/src/sllidar_ros2/sdk/src/hal/thread.cpp:35\x1b[m\x1b[K:\n'}
[2.359850] (sllidar_ros2) StderrLine: {'line': b'\x1b[01m\x1b[K/home/sharo/mine-adas/ros2_ws/src/sllidar_ros2/./sdk/include/sl_lidar_protocol.h:66:16:\x1b[m\x1b[K \x1b[01;35m\x1b[Kwarning: \x1b[m\x1b[KISO C++ forbids zero-size array \xe2\x80\x98\x1b[01m\x1b[Kdata\x1b[m\x1b[K\xe2\x80\x99 [\x1b[01;35m\x1b[K\x1b]8;;https://gcc.gnu.org/onlinedocs/gcc/Warning-Options.html#index-Wpedantic\x07-Wpedantic\x1b]8;;\x07\x1b[m\x1b[K]\n'}
[2.359925] (sllidar_ros2) StderrLine: {'line': b'   66 |     sl_u8 data[\x1b[01;35m\x1b[K0\x1b[m\x1b[K];\n'}
[2.359989] (sllidar_ros2) StderrLine: {'line': b'      |                \x1b[01;35m\x1b[K^\x1b[m\x1b[K\n'}
[2.360055] (sllidar_ros2) StderrLine: {'line': b'In file included from \x1b[01m\x1b[K/home/sharo/mine-adas/ros2_ws/src/sllidar_ros2/./sdk/include/rplidar_cmd.h:36\x1b[m\x1b[K,\n'}
[2.360127] (sllidar_ros2) StderrLine: {'line': b'                 from \x1b[01m\x1b[K/home/sharo/mine-adas/ros2_ws/src/sllidar_ros2/./sdk/include/rplidar.h:40\x1b[m\x1b[K,\n'}
[2.360200] (sllidar_ros2) StderrLine: {'line': b'                 from \x1b[01m\x1b[K/home/sharo/mine-adas/ros2_ws/src/sllidar_ros2/./sdk/src/sdkcommon.h:49\x1b[m\x1b[K,\n'}
[2.360304] (sllidar_ros2) StderrLine: {'line': b'                 from \x1b[01m\x1b[K/home/sharo/mine-adas/ros2_ws/src/sllidar_ros2/sdk/src/hal/thread.cpp:35\x1b[m\x1b[K:\n'}
[2.360380] (sllidar_ros2) StderrLine: {'line': b'\x1b[01m\x1b[K/home/sharo/mine-adas/ros2_ws/src/sllidar_ros2/./sdk/include/sl_lidar_cmd.h:324:20:\x1b[m\x1b[K \x1b[01;35m\x1b[Kwarning: \x1b[m\x1b[KISO C++ forbids zero-size array \xe2\x80\x98\x1b[01m\x1b[Kpayload\x1b[m\x1b[K\xe2\x80\x99 [\x1b[01;35m\x1b[K\x1b]8;;https://gcc.gnu.org/onlinedocs/gcc/Warning-Options.html#index-Wpedantic\x07-Wpedantic\x1b]8;;\x07\x1b[m\x1b[K]\n'}
[2.360478] (sllidar_ros2) StderrLine: {'line': b'  324 |     sl_u8  payload[\x1b[01;35m\x1b[K0\x1b[m\x1b[K];\n'}
[2.360537] (sllidar_ros2) StderrLine: {'line': b'      |                    \x1b[01;35m\x1b[K^\x1b[m\x1b[K\n'}
[2.415324] (-) TimerEvent: {}
[2.424123] (sllidar_ros2) StderrLine: {'line': b'In file included from \x1b[01m\x1b[K/home/sharo/mine-adas/ros2_ws/src/sllidar_ros2/sdk/src/hal/thread.cpp:43\x1b[m\x1b[K:\n'}
[2.424427] (sllidar_ros2) StderrLine: {'line': b'\x1b[01m\x1b[K/home/sharo/mine-adas/ros2_ws/src/sllidar_ros2/./sdk/src/arch/linux/thread.hpp:\x1b[m\x1b[K In static member function \xe2\x80\x98\x1b[01m\x1b[Kstatic rp::hal::Thread rp::hal::Thread::create(thread_proc_t, void*)\x1b[m\x1b[K\xe2\x80\x99:\n'}
[2.424513] (sllidar_ros2) StderrLine: {'line': b'\x1b[01m\x1b[K/home/sharo/mine-adas/ros2_ws/src/sllidar_ros2/./sdk/src/arch/linux/thread.hpp:52:57:\x1b[m\x1b[K \x1b[01;35m\x1b[Kwarning: \x1b[m\x1b[Kcast between incompatible function types from \xe2\x80\x98\x1b[01m\x1b[Kthread_proc_t\x1b[m\x1b[K\xe2\x80\x99 {aka \xe2\x80\x98\x1b[01m\x1b[Klong unsigned int (*)(void*)\x1b[m\x1b[K\xe2\x80\x99} to \xe2\x80\x98\x1b[01m\x1b[Kvoid* (*)(void*)\x1b[m\x1b[K\xe2\x80\x99 [\x1b[01;35m\x1b[K\x1b]8;;https://gcc.gnu.org/onlinedocs/gcc/Warning-Options.html#index-Wcast-function-type\x07-Wcast-function-type\x1b]8;;\x07\x1b[m\x1b[K]\n'}
[2.424597] (sllidar_ros2) StderrLine: {'line': b'   52 |     pthread_create((pthread_t *)&newborn._handle, NULL, \x1b[01;35m\x1b[K(void * (*)(void *))proc\x1b[m\x1b[K, data);\n'}
[2.424654] (sllidar_ros2) StderrLine: {'line': b'      |                                                         \x1b[01;35m\x1b[K^~~~~~~~~~~~~~~~~~~~~~~~\x1b[m\x1b[K\n'}
[2.425560] (sllidar_ros2) StderrLine: {'line': b'\x1b[01m\x1b[K/home/sharo/mine-adas/ros2_ws/src/sllidar_ros2/./sdk/src/arch/linux/thread.hpp:\x1b[m\x1b[K In member function \xe2\x80\x98\x1b[01m\x1b[Ku_result rp::hal::Thread::join(long unsigned int)\x1b[m\x1b[K\xe2\x80\x99:\n'}
[2.425871] (sllidar_ros2) StderrLine: {'line': b'\x1b[01m\x1b[K/home/sharo/mine-adas/ros2_ws/src/sllidar_ros2/./sdk/src/arch/linux/thread.hpp:176:37:\x1b[m\x1b[K \x1b[01;35m\x1b[Kwarning: \x1b[m\x1b[Kunused parameter \xe2\x80\x98\x1b[01m\x1b[Ktimeout\x1b[m\x1b[K\xe2\x80\x99 [\x1b[01;35m\x1b[K\x1b]8;;https://gcc.gnu.org/onlinedocs/gcc/Warning-Options.html#index-Wunused-parameter\x07-Wunused-parameter\x1b]8;;\x07\x1b[m\x1b[K]\n'}
[2.425988] (sllidar_ros2) StderrLine: {'line': b'  176 | u_result Thread::join(\x1b[01;35m\x1b[Kunsigned long timeout\x1b[m\x1b[K)\n'}
[2.426056] (sllidar_ros2) StderrLine: {'line': b'      |                       \x1b[01;35m\x1b[K~~~~~~~~~~~~~~^~~~~~~\x1b[m\x1b[K\n'}
[2.473062] (sllidar_ros2) StderrLine: {'line': b'In file included from \x1b[01m\x1b[K/home/sharo/mine-adas/ros2_ws/src/sllidar_ros2/./sdk/include/rplidar_protocol.h:36\x1b[m\x1b[K,\n'}
[2.474316] (sllidar_ros2) StderrLine: {'line': b'                 from \x1b[01m\x1b[K/home/sharo/mine-adas/ros2_ws/src/sllidar_ros2/./sdk/include/rplidar.h:39\x1b[m\x1b[K,\n'}
[2.474574] (sllidar_ros2) StderrLine: {'line': b'                 from \x1b[01m\x1b[K/home/sharo/mine-adas/ros2_ws/src/sllidar_ros2/sdk/src/sdkcommon.h:49\x1b[m\x1b[K,\n'}
[2.474649] (sllidar_ros2) StderrLine: {'line': b'                 from \x1b[01m\x1b[K/home/sharo/mine-adas/ros2_ws/src/sllidar_ros2/sdk/src/rplidar_driver.cpp:33\x1b[m\x1b[K:\n'}
[2.474710] (sllidar_ros2) StderrLine: {'line': b'\x1b[01m\x1b[K/home/sharo/mine-adas/ros2_ws/src/sllidar_ros2/./sdk/include/sl_lidar_protocol.h:66:16:\x1b[m\x1b[K \x1b[01;35m\x1b[Kwarning: \x1b[m\x1b[KISO C++ forbids zero-size array \xe2\x80\x98\x1b[01m\x1b[Kdata\x1b[m\x1b[K\xe2\x80\x99 [\x1b[01;35m\x1b[K\x1b]8;;https://gcc.gnu.org/onlinedocs/gcc/Warning-Options.html#index-Wpedantic\x07-Wpedantic\x1b]8;;\x07\x1b[m\x1b[K]\n'}
[2.474794] (sllidar_ros2) StderrLine: {'line': b'   66 |     sl_u8 data[\x1b[01;35m\x1b[K0\x1b[m\x1b[K];\n'}
[2.474853] (sllidar_ros2) StderrLine: {'line': b'      |                \x1b[01;35m\x1b[K^\x1b[m\x1b[K\n'}
[2.478326] (sllidar_ros2) StderrLine: {'line': b'In file included from \x1b[01m\x1b[K/home/sharo/mine-adas/ros2_ws/src/sllidar_ros2/./sdk/include/rplidar_cmd.h:36\x1b[m\x1b[K,\n'}
[2.478615] (sllidar_ros2) StderrLine: {'line': b'                 from \x1b[01m\x1b[K/home/sharo/mine-adas/ros2_ws/src/sllidar_ros2/./sdk/include/rplidar.h:40\x1b[m\x1b[K,\n'}
[2.478876] (sllidar_ros2) StderrLine: {'line': b'                 from \x1b[01m\x1b[K/home/sharo/mine-adas/ros2_ws/src/sllidar_ros2/sdk/src/sdkcommon.h:49\x1b[m\x1b[K,\n'}
[2.479024] (sllidar_ros2) StderrLine: {'line': b'                 from \x1b[01m\x1b[K/home/sharo/mine-adas/ros2_ws/src/sllidar_ros2/sdk/src/rplidar_driver.cpp:33\x1b[m\x1b[K:\n'}
[2.479090] (sllidar_ros2) StderrLine: {'line': b'\x1b[01m\x1b[K/home/sharo/mine-adas/ros2_ws/src/sllidar_ros2/./sdk/include/sl_lidar_cmd.h:324:20:\x1b[m\x1b[K \x1b[01;35m\x1b[Kwarning: \x1b[m\x1b[KISO C++ forbids zero-size array \xe2\x80\x98\x1b[01m\x1b[Kpayload\x1b[m\x1b[K\xe2\x80\x99 [\x1b[01;35m\x1b[K\x1b]8;;https://gcc.gnu.org/onlinedocs/gcc/Warning-Options.html#index-Wpedantic\x07-Wpedantic\x1b]8;;\x07\x1b[m\x1b[K]\n'}
[2.479178] (sllidar_ros2) StderrLine: {'line': b'  324 |     sl_u8  payload[\x1b[01;35m\x1b[K0\x1b[m\x1b[K];\n'}
[2.479273] (sllidar_ros2) StderrLine: {'line': b'      |                    \x1b[01;35m\x1b[K^\x1b[m\x1b[K\n'}
[2.515458] (-) TimerEvent: {}
[2.567553] (sllidar_ros2) StdoutLine: {'line': b'[ 80%] \x1b[32mBuilding CXX object CMakeFiles/sllidar_node.dir/sdk/src/sl_serial_channel.cpp.o\x1b[0m\n'}
[2.615686] (-) TimerEvent: {}
[2.653446] (sllidar_ros2) StderrLine: {'line': b'In file included from \x1b[01m\x1b[K/home/sharo/mine-adas/ros2_ws/src/sllidar_ros2/sdk/src/dataunpacker/unpacker/handler_normalnode.cpp:40\x1b[m\x1b[K:\n'}
[2.653710] (sllidar_ros2) StderrLine: {'line': b'\x1b[01m\x1b[K/home/sharo/mine-adas/ros2_ws/src/sllidar_ros2/sdk/src/dataunpacker/unpacker/../dataunpacker.h:\x1b[m\x1b[K In member function \xe2\x80\x98\x1b[01m\x1b[Kvirtual void sl::internal::LIDARSampleDataListener::onCustomSampleDataDecoded(_u8, _u32, const void*, size_t)\x1b[m\x1b[K\xe2\x80\x99:\n'}
[2.653800] (sllidar_ros2) StderrLine: {'line': b'\x1b[01m\x1b[K/home/sharo/mine-adas/ros2_ws/src/sllidar_ros2/sdk/src/dataunpacker/unpacker/../dataunpacker.h:54:52:\x1b[m\x1b[K \x1b[01;35m\x1b[Kwarning: \x1b[m\x1b[Kunused parameter \xe2\x80\x98\x1b[01m\x1b[KansType\x1b[m\x1b[K\xe2\x80\x99 [\x1b[01;35m\x1b[K\x1b]8;;https://gcc.gnu.org/onlinedocs/gcc/Warning-Options.html#index-Wunused-parameter\x07-Wunused-parameter\x1b]8;;\x07\x1b[m\x1b[K]\n'}
[2.653896] (sllidar_ros2) StderrLine: {'line': b'   54 |         virtual void onCustomSampleDataDecoded(\x1b[01;35m\x1b[K_u8 ansType\x1b[m\x1b[K, _u32 customCode, const void* data, size_t size) {}\n'}
[2.653968] (sllidar_ros2) StderrLine: {'line': b'      |                                                \x1b[01;35m\x1b[K~~~~^~~~~~~\x1b[m\x1b[K\n'}
[2.654036] (sllidar_ros2) StderrLine: {'line': b'\x1b[01m\x1b[K/home/sharo/mine-adas/ros2_ws/src/sllidar_ros2/sdk/src/dataunpacker/unpacker/../dataunpacker.h:54:66:\x1b[m\x1b[K \x1b[01;35m\x1b[Kwarning: \x1b[m\x1b[Kunused parameter \xe2\x80\x98\x1b[01m\x1b[KcustomCode\x1b[m\x1b[K\xe2\x80\x99 [\x1b[01;35m\x1b[K\x1b]8;;https://gcc.gnu.org/onlinedocs/gcc/Warning-Options.html#index-Wunused-parameter\x07-Wunused-parameter\x1b]8;;\x07\x1b[m\x1b[K]\n'}
[2.654109] (sllidar_ros2) StderrLine: {'line': b'   54 |         virtual void onCustomSampleDataDecoded(_u8 ansType, \x1b[01;35m\x1b[K_u32 customCode\x1b[m\x1b[K, const void* data, size_t size) {}\n'}
[2.654178] (sllidar_ros2) StderrLine: {'line': b'      |                                                             \x1b[01;35m\x1b[K~~~~~^~~~~~~~~~\x1b[m\x1b[K\n'}
[2.654284] (sllidar_ros2) StderrLine: {'line': b'\x1b[01m\x1b[K/home/sharo/mine-adas/ros2_ws/src/sllidar_ros2/sdk/src/dataunpacker/unpacker/../dataunpacker.h:54:90:\x1b[m\x1b[K \x1b[01;35m\x1b[Kwarning: \x1b[m\x1b[Kunused parameter \xe2\x80\x98\x1b[01m\x1b[Kdata\x1b[m\x1b[K\xe2\x80\x99 [\x1b[01;35m\x1b[K\x1b]8;;https://gcc.gnu.org/onlinedocs/gcc/Warning-Options.html#index-Wunused-parameter\x07-Wunused-parameter\x1b]8;;\x07\x1b[m\x1b[K]\n'}
[2.654378] (sllidar_ros2) StderrLine: {'line': b'   54 |         virtual void onCustomSampleDataDecoded(_u8 ansType, _u32 customCode, \x1b[01;35m\x1b[Kconst void* data\x1b[m\x1b[K, size_t size) {}\n'}
[2.654447] (sllidar_ros2) StderrLine: {'line': b'      |                                                                              \x1b[01;35m\x1b[K~~~~~~~~~~~~^~~~\x1b[m\x1b[K\n'}
[2.654511] (sllidar_ros2) StderrLine: {'line': b'\x1b[01m\x1b[K/home/sharo/mine-adas/ros2_ws/src/sllidar_ros2/sdk/src/dataunpacker/unpacker/../dataunpacker.h:54:103:\x1b[m\x1b[K \x1b[01;35m\x1b[Kwarning: \x1b[m\x1b[Kunused parameter \xe2\x80\x98\x1b[01m\x1b[Ksize\x1b[m\x1b[K\xe2\x80\x99 [\x1b[01;35m\x1b[K\x1b]8;;https://gcc.gnu.org/onlinedocs/gcc/Warning-Options.html#index-Wunused-parameter\x07-Wunused-parameter\x1b]8;;\x07\x1b[m\x1b[K]\n'}
[2.654582] (sllidar_ros2) StderrLine: {'line': b'   54 |         virtual void onCustomSampleDataDecoded(_u8 ansType, _u32 customCode, const void* data, \x1b[01;35m\x1b[Ksize_t size\x1b[m\x1b[K) {}\n'}
[2.654662] (sllidar_ros2) StderrLine: {'line': b'      |                                                                                                \x1b[01;35m\x1b[K~~~~~~~^~~~\x1b[m\x1b[K\n'}
[2.654728] (sllidar_ros2) StderrLine: {'line': b'\x1b[01m\x1b[K/home/sharo/mine-adas/ros2_ws/src/sllidar_ros2/sdk/src/dataunpacker/unpacker/../dataunpacker.h:\x1b[m\x1b[K In member function \xe2\x80\x98\x1b[01m\x1b[Kvirtual void sl::internal::LIDARSampleDataListener::onDecodingError(int, _u8, const void*, size_t)\x1b[m\x1b[K\xe2\x80\x99:\n'}
[2.654806] (sllidar_ros2) StderrLine: {'line': b'\x1b[01m\x1b[K/home/sharo/mine-adas/ros2_ws/src/sllidar_ros2/sdk/src/dataunpacker/unpacker/../dataunpacker.h:56:42:\x1b[m\x1b[K \x1b[01;35m\x1b[Kwarning: \x1b[m\x1b[Kunused parameter \xe2\x80\x98\x1b[01m\x1b[KerrMsg\x1b[m\x1b[K\xe2\x80\x99 [\x1b[01;35m\x1b[K\x1b]8;;https://gcc.gnu.org/onlinedocs/gcc/Warning-Options.html#index-Wunused-parameter\x07-Wunused-parameter\x1b]8;;\x07\x1b[m\x1b[K]\n'}
[2.654879] (sllidar_ros2) StderrLine: {'line': b'   56 |         virtual void onDecodingError(\x1b[01;35m\x1b[Kint errMsg\x1b[m\x1b[K, _u8 ansType, const void* payload, size_t size) {}\n'}
[2.654953] (sllidar_ros2) StderrLine: {'line': b'      |                                      \x1b[01;35m\x1b[K~~~~^~~~~~\x1b[m\x1b[K\n'}
[2.655022] (sllidar_ros2) StderrLine: {'line': b'\x1b[01m\x1b[K/home/sharo/mine-adas/ros2_ws/src/sllidar_ros2/sdk/src/dataunpacker/unpacker/../dataunpacker.h:56:54:\x1b[m\x1b[K \x1b[01;35m\x1b[Kwarning: \x1b[m\x1b[Kunused parameter \xe2\x80\x98\x1b[01m\x1b[KansType\x1b[m\x1b[K\xe2\x80\x99 [\x1b[01;35m\x1b[K\x1b]8;;https://gcc.gnu.org/onlinedocs/gcc/Warning-Options.html#index-Wunused-parameter\x07-Wunused-parameter\x1b]8;;\x07\x1b[m\x1b[K]\n'}
[2.655091] (sllidar_ros2) StderrLine: {'line': b'   56 |         virtual void onDecodingError(int errMsg, \x1b[01;35m\x1b[K_u8 ansType\x1b[m\x1b[K, const void* payload, size_t size) {}\n'}
[2.655159] (sllidar_ros2) StderrLine: {'line': b'      |                                                  \x1b[01;35m\x1b[K~~~~^~~~~~~\x1b[m\x1b[K\n'}
[2.655240] (sllidar_ros2) StderrLine: {'line': b'\x1b[01m\x1b[K/home/sharo/mine-adas/ros2_ws/src/sllidar_ros2/sdk/src/dataunpacker/unpacker/../dataunpacker.h:56:75:\x1b[m\x1b[K \x1b[01;35m\x1b[Kwarning: \x1b[m\x1b[Kunused parameter \xe2\x80\x98\x1b[01m\x1b[Kpayload\x1b[m\x1b[K\xe2\x80\x99 [\x1b[01;35m\x1b[K\x1b]8;;https://gcc.gnu.org/onlinedocs/gcc/Warning-Options.html#index-Wunused-parameter\x07-Wunused-parameter\x1b]8;;\x07\x1b[m\x1b[K]\n'}
[2.655336] (sllidar_ros2) StderrLine: {'line': b'   56 |         virtual void onDecodingError(int errMsg, _u8 ansType, \x1b[01;35m\x1b[Kconst void* payload\x1b[m\x1b[K, size_t size) {}\n'}
[2.655401] (sllidar_ros2) StderrLine: {'line': b'      |                                                               \x1b[01;35m\x1b[K~~~~~~~~~~~~^~~~~~~\x1b[m\x1b[K\n'}
[2.655466] (sllidar_ros2) StderrLine: {'line': b'\x1b[01m\x1b[K/home/sharo/mine-adas/ros2_ws/src/sllidar_ros2/sdk/src/dataunpacker/unpacker/../dataunpacker.h:56:91:\x1b[m\x1b[K \x1b[01;35m\x1b[Kwarning: \x1b[m\x1b[Kunused parameter \xe2\x80\x98\x1b[01m\x1b[Ksize\x1b[m\x1b[K\xe2\x80\x99 [\x1b[01;35m\x1b[K\x1b]8;;https://gcc.gnu.org/onlinedocs/gcc/Warning-Options.html#index-Wunused-parameter\x07-Wunused-parameter\x1b]8;;\x07\x1b[m\x1b[K]\n'}
[2.655561] (sllidar_ros2) StderrLine: {'line': b'   56 |         virtual void onDecodingError(int errMsg, _u8 ansType, const void* payload, \x1b[01;35m\x1b[Ksize_t size\x1b[m\x1b[K) {}\n'}
[2.655634] (sllidar_ros2) StderrLine: {'line': b'      |                                                                                    \x1b[01;35m\x1b[K~~~~~~~^~~~\x1b[m\x1b[K\n'}
[2.667146] (sllidar_ros2) StderrLine: {'line': b'In file included from \x1b[01m\x1b[K/home/sharo/mine-adas/ros2_ws/src/sllidar_ros2/./sdk/include/rplidar_protocol.h:36\x1b[m\x1b[K,\n'}
[2.667450] (sllidar_ros2) StderrLine: {'line': b'                 from \x1b[01m\x1b[K/home/sharo/mine-adas/ros2_ws/src/sllidar_ros2/./sdk/include/rplidar.h:39\x1b[m\x1b[K,\n'}
[2.667574] (sllidar_ros2) StderrLine: {'line': b'                 from \x1b[01m\x1b[K/home/sharo/mine-adas/ros2_ws/src/sllidar_ros2/sdk/src/sdkcommon.h:49\x1b[m\x1b[K,\n'}
[2.667760] (sllidar_ros2) StderrLine: {'line': b'                 from \x1b[01m\x1b[K/home/sharo/mine-adas/ros2_ws/src/sllidar_ros2/sdk/src/sl_async_transceiver.cpp:35\x1b[m\x1b[K:\n'}
[2.667849] (sllidar_ros2) StderrLine: {'line': b'\x1b[01m\x1b[K/home/sharo/mine-adas/ros2_ws/src/sllidar_ros2/./sdk/include/sl_lidar_protocol.h:66:16:\x1b[m\x1b[K \x1b[01;35m\x1b[Kwarning: \x1b[m\x1b[KISO C++ forbids zero-size array \xe2\x80\x98\x1b[01m\x1b[Kdata\x1b[m\x1b[K\xe2\x80\x99 [\x1b[01;35m\x1b[K\x1b]8;;https://gcc.gnu.org/onlinedocs/gcc/Warning-Options.html#index-Wpedantic\x07-Wpedantic\x1b]8;;\x07\x1b[m\x1b[K]\n'}
[2.667932] (sllidar_ros2) StderrLine: {'line': b'   66 |     sl_u8 data[\x1b[01;35m\x1b[K0\x1b[m\x1b[K];\n'}
[2.668007] (sllidar_ros2) StderrLine: {'line': b'      |                \x1b[01;35m\x1b[K^\x1b[m\x1b[K\n'}
[2.668104] (sllidar_ros2) StderrLine: {'line': b'In file included from \x1b[01m\x1b[K/home/sharo/mine-adas/ros2_ws/src/sllidar_ros2/./sdk/include/rplidar_cmd.h:36\x1b[m\x1b[K,\n'}
[2.668180] (sllidar_ros2) StderrLine: {'line': b'                 from \x1b[01m\x1b[K/home/sharo/mine-adas/ros2_ws/src/sllidar_ros2/./sdk/include/rplidar.h:40\x1b[m\x1b[K,\n'}
[2.668305] (sllidar_ros2) StderrLine: {'line': b'                 from \x1b[01m\x1b[K/home/sharo/mine-adas/ros2_ws/src/sllidar_ros2/sdk/src/sdkcommon.h:49\x1b[m\x1b[K,\n'}
[2.668385] (sllidar_ros2) StderrLine: {'line': b'                 from \x1b[01m\x1b[K/home/sharo/mine-adas/ros2_ws/src/sllidar_ros2/sdk/src/sl_async_transceiver.cpp:35\x1b[m\x1b[K:\n'}
[2.668455] (sllidar_ros2) StderrLine: {'line': b'\x1b[01m\x1b[K/home/sharo/mine-adas/ros2_ws/src/sllidar_ros2/./sdk/include/sl_lidar_cmd.h:324:20:\x1b[m\x1b[K \x1b[01;35m\x1b[Kwarning: \x1b[m\x1b[KISO C++ forbids zero-size array \xe2\x80\x98\x1b[01m\x1b[Kpayload\x1b[m\x1b[K\xe2\x80\x99 [\x1b[01;35m\x1b[K\x1b]8;;https://gcc.gnu.org/onlinedocs/gcc/Warning-Options.html#index-Wpedantic\x07-Wpedantic\x1b]8;;\x07\x1b[m\x1b[K]\n'}
[2.668529] (sllidar_ros2) StderrLine: {'line': b'  324 |     sl_u8  payload[\x1b[01;35m\x1b[K0\x1b[m\x1b[K];\n'}
[2.668600] (sllidar_ros2) StderrLine: {'line': b'      |                    \x1b[01;35m\x1b[K^\x1b[m\x1b[K\n'}
[2.716649] (-) TimerEvent: {}
[2.720934] (sllidar_ros2) StderrLine: {'line': b'\x1b[01m\x1b[K/home/sharo/mine-adas/ros2_ws/src/sllidar_ros2/sdk/src/rplidar_driver.cpp:\x1b[m\x1b[K In member function \xe2\x80\x98\x1b[01m\x1b[Ku_result rp::standalone::rplidar::RPlidarDriver::connect(const char*, _u32, _u32)\x1b[m\x1b[K\xe2\x80\x99:\n'}
[2.721384] (sllidar_ros2) StderrLine: {'line': b'\x1b[01m\x1b[K/home/sharo/mine-adas/ros2_ws/src/sllidar_ros2/sdk/src/rplidar_driver.cpp:67:77:\x1b[m\x1b[K \x1b[01;35m\x1b[Kwarning: \x1b[m\x1b[Kunused parameter \xe2\x80\x98\x1b[01m\x1b[Kflag\x1b[m\x1b[K\xe2\x80\x99 [\x1b[01;35m\x1b[K\x1b]8;;https://gcc.gnu.org/onlinedocs/gcc/Warning-Options.html#index-Wunused-parameter\x07-Wunused-parameter\x1b]8;;\x07\x1b[m\x1b[K]\n'}
[2.721694] (sllidar_ros2) StderrLine: {'line': b'   67 |     u_result RPlidarDriver::connect(const char *path, _u32 portOrBaud, \x1b[01;35m\x1b[K_u32 flag\x1b[m\x1b[K)\n'}
[2.721950] (sllidar_ros2) StderrLine: {'line': b'      |                                                                        \x1b[01;35m\x1b[K~~~~~^~~~\x1b[m\x1b[K\n'}
[2.722661] (sllidar_ros2) StderrLine: {'line': b'\x1b[01m\x1b[K/home/sharo/mine-adas/ros2_ws/src/sllidar_ros2/sdk/src/rplidar_driver.cpp:\x1b[m\x1b[K In member function \xe2\x80\x98\x1b[01m\x1b[Ku_result rp::standalone::rplidar::RPlidarDriver::reset(_u32)\x1b[m\x1b[K\xe2\x80\x99:\n'}
[2.724523] (sllidar_ros2) StderrLine: {'line': b'\x1b[01m\x1b[K/home/sharo/mine-adas/ros2_ws/src/sllidar_ros2/sdk/src/rplidar_driver.cpp:101:40:\x1b[m\x1b[K \x1b[01;35m\x1b[Kwarning: \x1b[m\x1b[Kunused parameter \xe2\x80\x98\x1b[01m\x1b[Ktimeout\x1b[m\x1b[K\xe2\x80\x99 [\x1b[01;35m\x1b[K\x1b]8;;https://gcc.gnu.org/onlinedocs/gcc/Warning-Options.html#index-Wunused-parameter\x07-Wunused-parameter\x1b]8;;\x07\x1b[m\x1b[K]\n'}
[2.724844] (sllidar_ros2) StderrLine: {'line': b'  101 |     u_result RPlidarDriver::reset(\x1b[01;35m\x1b[K_u32 timeout\x1b[m\x1b[K)\n'}
[2.724956] (sllidar_ros2) StderrLine: {'line': b'      |                                   \x1b[01;35m\x1b[K~~~~~^~~~~~~\x1b[m\x1b[K\n'}
[2.725184] (sllidar_ros2) StderrLine: {'line': b'\x1b[01m\x1b[K/home/sharo/mine-adas/ros2_ws/src/sllidar_ros2/sdk/src/rplidar_driver.cpp:\x1b[m\x1b[K In member function \xe2\x80\x98\x1b[01m\x1b[Ku_result rp::standalone::rplidar::RPlidarDriver::getScanDataWithInterval(rplidar_response_measurement_node_t*, size_t&)\x1b[m\x1b[K\xe2\x80\x99:\n'}
[2.725473] (sllidar_ros2) StderrLine: {'line': b'\x1b[01m\x1b[K/home/sharo/mine-adas/ros2_ws/src/sllidar_ros2/sdk/src/rplidar_driver.cpp:180:91:\x1b[m\x1b[K \x1b[01;35m\x1b[Kwarning: \x1b[m\x1b[Kunused parameter \xe2\x80\x98\x1b[01m\x1b[Knodebuffer\x1b[m\x1b[K\xe2\x80\x99 [\x1b[01;35m\x1b[K\x1b]8;;https://gcc.gnu.org/onlinedocs/gcc/Warning-Options.html#index-Wunused-parameter\x07-Wunused-parameter\x1b]8;;\x07\x1b[m\x1b[K]\n'}
[2.725665] (sllidar_ros2) StderrLine: {'line': b'  180 |     u_result RPlidarDriver::getScanDataWithInterval(\x1b[01;35m\x1b[Krplidar_response_measurement_node_t * nodebuffer\x1b[m\x1b[K, size_t & count)\n'}
[2.725873] (sllidar_ros2) StderrLine: {'line': b'      |                                                     \x1b[01;35m\x1b[K~~~~~~~~~~~~~~~~~~~~~~~~~~~~~~~~~~~~~~^~~~~~~~~~\x1b[m\x1b[K\n'}
[2.726274] (sllidar_ros2) StderrLine: {'line': b'\x1b[01m\x1b[K/home/sharo/mine-adas/ros2_ws/src/sllidar_ros2/sdk/src/rplidar_driver.cpp:180:112:\x1b[m\x1b[K \x1b[01;35m\x1b[Kwarning: \x1b[m\x1b[Kunused parameter \xe2\x80\x98\x1b[01m\x1b[Kcount\x1b[m\x1b[K\xe2\x80\x99 [\x1b[01;35m\x1b[K\x1b]8;;https://gcc.gnu.org/onlinedocs/gcc/Warning-Options.html#index-Wunused-parameter\x07-Wunused-parameter\x1b]8;;\x07\x1b[m\x1b[K]\n'}
[2.727399] (sllidar_ros2) StderrLine: {'line': b'  180 |     u_result RPlidarDriver::getScanDataWithInterval(rplidar_response_measurement_node_t * nodebuffer, \x1b[01;35m\x1b[Ksize_t & count\x1b[m\x1b[K)\n'}
[2.727678] (sllidar_ros2) StderrLine: {'line': b'      |                                                                                                       \x1b[01;35m\x1b[K~~~~~~~~~^~~~~\x1b[m\x1b[K\n'}
[2.761158] (sllidar_ros2) StderrLine: {'line': b'In file included from \x1b[01m\x1b[K/home/sharo/mine-adas/ros2_ws/src/sllidar_ros2/./sdk/include/rplidar_protocol.h:36\x1b[m\x1b[K,\n'}
[2.761515] (sllidar_ros2) StderrLine: {'line': b'                 from \x1b[01m\x1b[K/home/sharo/mine-adas/ros2_ws/src/sllidar_ros2/./sdk/include/rplidar.h:39\x1b[m\x1b[K,\n'}
[2.761670] (sllidar_ros2) StderrLine: {'line': b'                 from \x1b[01m\x1b[K/home/sharo/mine-adas/ros2_ws/src/sllidar_ros2/sdk/src/sdkcommon.h:49\x1b[m\x1b[K,\n'}
[2.761749] (sllidar_ros2) StderrLine: {'line': b'                 from \x1b[01m\x1b[K/home/sharo/mine-adas/ros2_ws/src/sllidar_ros2/sdk/src/sl_lidar_driver.cpp:33\x1b[m\x1b[K:\n'}
[2.761844] (sllidar_ros2) StderrLine: {'line': b'\x1b[01m\x1b[K/home/sharo/mine-adas/ros2_ws/src/sllidar_ros2/./sdk/include/sl_lidar_protocol.h:66:16:\x1b[m\x1b[K \x1b[01;35m\x1b[Kwarning: \x1b[m\x1b[KISO C++ forbids zero-size array \xe2\x80\x98\x1b[01m\x1b[Kdata\x1b[m\x1b[K\xe2\x80\x99 [\x1b[01;35m\x1b[K\x1b]8;;https://gcc.gnu.org/onlinedocs/gcc/Warning-Options.html#index-Wpedantic\x07-Wpedantic\x1b]8;;\x07\x1b[m\x1b[K]\n'}
[2.763659] (sllidar_ros2) StderrLine: {'line': b'   66 |     sl_u8 data[\x1b[01;35m\x1b[K0\x1b[m\x1b[K];\n'}
[2.763831] (sllidar_ros2) StderrLine: {'line': b'      |                \x1b[01;35m\x1b[K^\x1b[m\x1b[K\n'}
[2.763906] (sllidar_ros2) StderrLine: {'line': b'In file included from \x1b[01m\x1b[K/home/sharo/mine-adas/ros2_ws/src/sllidar_ros2/./sdk/include/rplidar_cmd.h:36\x1b[m\x1b[K,\n'}
[2.763974] (sllidar_ros2) StderrLine: {'line': b'                 from \x1b[01m\x1b[K/home/sharo/mine-adas/ros2_ws/src/sllidar_ros2/./sdk/include/rplidar.h:40\x1b[m\x1b[K,\n'}
[2.764063] (sllidar_ros2) StderrLine: {'line': b'                 from \x1b[01m\x1b[K/home/sharo/mine-adas/ros2_ws/src/sllidar_ros2/sdk/src/sdkcommon.h:49\x1b[m\x1b[K,\n'}
[2.764141] (sllidar_ros2) StderrLine: {'line': b'                 from \x1b[01m\x1b[K/home/sharo/mine-adas/ros2_ws/src/sllidar_ros2/sdk/src/sl_lidar_driver.cpp:33\x1b[m\x1b[K:\n'}
[2.764233] (sllidar_ros2) StderrLine: {'line': b'\x1b[01m\x1b[K/home/sharo/mine-adas/ros2_ws/src/sllidar_ros2/./sdk/include/sl_lidar_cmd.h:324:20:\x1b[m\x1b[K \x1b[01;35m\x1b[Kwarning: \x1b[m\x1b[KISO C++ forbids zero-size array \xe2\x80\x98\x1b[01m\x1b[Kpayload\x1b[m\x1b[K\xe2\x80\x99 [\x1b[01;35m\x1b[K\x1b]8;;https://gcc.gnu.org/onlinedocs/gcc/Warning-Options.html#index-Wpedantic\x07-Wpedantic\x1b]8;;\x07\x1b[m\x1b[K]\n'}
[2.764343] (sllidar_ros2) StderrLine: {'line': b'  324 |     sl_u8  payload[\x1b[01;35m\x1b[K0\x1b[m\x1b[K];\n'}
[2.764414] (sllidar_ros2) StderrLine: {'line': b'      |                    \x1b[01;35m\x1b[K^\x1b[m\x1b[K\n'}
[2.817297] (-) TimerEvent: {}
[2.819463] (sllidar_ros2) StderrLine: {'line': b'In file included from \x1b[01m\x1b[K/home/sharo/mine-adas/ros2_ws/src/sllidar_ros2/./sdk/include/rplidar_protocol.h:36\x1b[m\x1b[K,\n'}
[2.819735] (sllidar_ros2) StderrLine: {'line': b'                 from \x1b[01m\x1b[K/home/sharo/mine-adas/ros2_ws/src/sllidar_ros2/./sdk/include/rplidar.h:39\x1b[m\x1b[K,\n'}
[2.819831] (sllidar_ros2) StderrLine: {'line': b'                 from \x1b[01m\x1b[K/home/sharo/mine-adas/ros2_ws/src/sllidar_ros2/sdk/src/sdkcommon.h:49\x1b[m\x1b[K,\n'}
[2.819905] (sllidar_ros2) StderrLine: {'line': b'                 from \x1b[01m\x1b[K/home/sharo/mine-adas/ros2_ws/src/sllidar_ros2/sdk/src/sl_lidarprotocol_codec.cpp:35\x1b[m\x1b[K:\n'}
[2.819981] (sllidar_ros2) StderrLine: {'line': b'\x1b[01m\x1b[K/home/sharo/mine-adas/ros2_ws/src/sllidar_ros2/./sdk/include/sl_lidar_protocol.h:66:16:\x1b[m\x1b[K \x1b[01;35m\x1b[Kwarning: \x1b[m\x1b[KISO C++ forbids zero-size array \xe2\x80\x98\x1b[01m\x1b[Kdata\x1b[m\x1b[K\xe2\x80\x99 [\x1b[01;35m\x1b[K\x1b]8;;https://gcc.gnu.org/onlinedocs/gcc/Warning-Options.html#index-Wpedantic\x07-Wpedantic\x1b]8;;\x07\x1b[m\x1b[K]\n'}
[2.820071] (sllidar_ros2) StderrLine: {'line': b'   66 |     sl_u8 data[\x1b[01;35m\x1b[K0\x1b[m\x1b[K];\n'}
[2.820141] (sllidar_ros2) StderrLine: {'line': b'      |                \x1b[01;35m\x1b[K^\x1b[m\x1b[K\n'}
[2.821454] (sllidar_ros2) StderrLine: {'line': b'In file included from \x1b[01m\x1b[K/home/sharo/mine-adas/ros2_ws/src/sllidar_ros2/./sdk/include/rplidar_cmd.h:36\x1b[m\x1b[K,\n'}
[2.821707] (sllidar_ros2) StderrLine: {'line': b'                 from \x1b[01m\x1b[K/home/sharo/mine-adas/ros2_ws/src/sllidar_ros2/./sdk/include/rplidar.h:40\x1b[m\x1b[K,\n'}
[2.821790] (sllidar_ros2) StderrLine: {'line': b'                 from \x1b[01m\x1b[K/home/sharo/mine-adas/ros2_ws/src/sllidar_ros2/sdk/src/sdkcommon.h:49\x1b[m\x1b[K,\n'}
[2.821861] (sllidar_ros2) StderrLine: {'line': b'                 from \x1b[01m\x1b[K/home/sharo/mine-adas/ros2_ws/src/sllidar_ros2/sdk/src/sl_lidarprotocol_codec.cpp:35\x1b[m\x1b[K:\n'}
[2.821931] (sllidar_ros2) StderrLine: {'line': b'\x1b[01m\x1b[K/home/sharo/mine-adas/ros2_ws/src/sllidar_ros2/./sdk/include/sl_lidar_cmd.h:324:20:\x1b[m\x1b[K \x1b[01;35m\x1b[Kwarning: \x1b[m\x1b[KISO C++ forbids zero-size array \xe2\x80\x98\x1b[01m\x1b[Kpayload\x1b[m\x1b[K\xe2\x80\x99 [\x1b[01;35m\x1b[K\x1b]8;;https://gcc.gnu.org/onlinedocs/gcc/Warning-Options.html#index-Wpedantic\x07-Wpedantic\x1b]8;;\x07\x1b[m\x1b[K]\n'}
[2.822003] (sllidar_ros2) StderrLine: {'line': b'  324 |     sl_u8  payload[\x1b[01;35m\x1b[K0\x1b[m\x1b[K];\n'}
[2.822070] (sllidar_ros2) StderrLine: {'line': b'      |                    \x1b[01;35m\x1b[K^\x1b[m\x1b[K\n'}
[2.832376] (sllidar_ros2) StderrLine: {'line': b'In file included from \x1b[01m\x1b[K/home/sharo/mine-adas/ros2_ws/src/sllidar_ros2/sdk/src/sl_async_transceiver.cpp:44\x1b[m\x1b[K:\n'}
[2.832679] (sllidar_ros2) StderrLine: {'line': b'\x1b[01m\x1b[K/home/sharo/mine-adas/ros2_ws/src/sllidar_ros2/sdk/src/sl_async_transceiver.h:\x1b[m\x1b[K In member function \xe2\x80\x98\x1b[01m\x1b[Kvirtual void sl::internal::IAsyncProtocolCodec::onChannelError(u_result)\x1b[m\x1b[K\xe2\x80\x99:\n'}
[2.832787] (sllidar_ros2) StderrLine: {'line': b'\x1b[01m\x1b[K/home/sharo/mine-adas/ros2_ws/src/sllidar_ros2/sdk/src/sl_async_transceiver.h:90:48:\x1b[m\x1b[K \x1b[01;35m\x1b[Kwarning: \x1b[m\x1b[Kunused parameter \xe2\x80\x98\x1b[01m\x1b[KerrCode\x1b[m\x1b[K\xe2\x80\x99 [\x1b[01;35m\x1b[K\x1b]8;;https://gcc.gnu.org/onlinedocs/gcc/Warning-Options.html#index-Wunused-parameter\x07-Wunused-parameter\x1b]8;;\x07\x1b[m\x1b[K]\n'}
[2.832870] (sllidar_ros2) StderrLine: {'line': b'   90 |         virtual void   onChannelError(\x1b[01;35m\x1b[Ku_result errCode\x1b[m\x1b[K) {}\n'}
[2.832946] (sllidar_ros2) StderrLine: {'line': b'      |                                       \x1b[01;35m\x1b[K~~~~~~~~~^~~~~~~\x1b[m\x1b[K\n'}
[2.873109] (sllidar_ros2) StdoutLine: {'line': b'[ 85%] \x1b[32mBuilding CXX object CMakeFiles/sllidar_node.dir/sdk/src/sl_tcp_channel.cpp.o\x1b[0m\n'}
[2.914534] (sllidar_ros2) StdoutLine: {'line': b'[ 90%] \x1b[32mBuilding CXX object CMakeFiles/sllidar_node.dir/sdk/src/sl_udp_channel.cpp.o\x1b[0m\n'}
[2.917426] (-) TimerEvent: {}
[2.959477] (sllidar_ros2) StderrLine: {'line': b'In file included from \x1b[01m\x1b[K/home/sharo/mine-adas/ros2_ws/src/sllidar_ros2/./sdk/include/sl_lidar_cmd.h:41\x1b[m\x1b[K,\n'}
[2.959737] (sllidar_ros2) StderrLine: {'line': b'                 from \x1b[01m\x1b[K/home/sharo/mine-adas/ros2_ws/src/sllidar_ros2/./sdk/include/sl_lidar_driver.h:54\x1b[m\x1b[K,\n'}
[2.959815] (sllidar_ros2) StderrLine: {'line': b'                 from \x1b[01m\x1b[K/home/sharo/mine-adas/ros2_ws/src/sllidar_ros2/sdk/src/sl_serial_channel.cpp:33\x1b[m\x1b[K:\n'}
[2.959901] (sllidar_ros2) StderrLine: {'line': b'\x1b[01m\x1b[K/home/sharo/mine-adas/ros2_ws/src/sllidar_ros2/./sdk/include/sl_lidar_protocol.h:66:16:\x1b[m\x1b[K \x1b[01;35m\x1b[Kwarning: \x1b[m\x1b[KISO C++ forbids zero-size array \xe2\x80\x98\x1b[01m\x1b[Kdata\x1b[m\x1b[K\xe2\x80\x99 [\x1b[01;35m\x1b[K\x1b]8;;https://gcc.gnu.org/onlinedocs/gcc/Warning-Options.html#index-Wpedantic\x07-Wpedantic\x1b]8;;\x07\x1b[m\x1b[K]\n'}
[2.960103] (sllidar_ros2) StderrLine: {'line': b'   66 |     sl_u8 data[\x1b[01;35m\x1b[K0\x1b[m\x1b[K];\n'}
[2.960178] (sllidar_ros2) StderrLine: {'line': b'      |                \x1b[01;35m\x1b[K^\x1b[m\x1b[K\n'}
[2.960265] (sllidar_ros2) StderrLine: {'line': b'In file included from \x1b[01m\x1b[K/home/sharo/mine-adas/ros2_ws/src/sllidar_ros2/./sdk/include/sl_lidar_driver.h:54\x1b[m\x1b[K,\n'}
[2.960334] (sllidar_ros2) StderrLine: {'line': b'                 from \x1b[01m\x1b[K/home/sharo/mine-adas/ros2_ws/src/sllidar_ros2/sdk/src/sl_serial_channel.cpp:33\x1b[m\x1b[K:\n'}
[2.960393] (sllidar_ros2) StderrLine: {'line': b'\x1b[01m\x1b[K/home/sharo/mine-adas/ros2_ws/src/sllidar_ros2/./sdk/include/sl_lidar_cmd.h:324:20:\x1b[m\x1b[K \x1b[01;35m\x1b[Kwarning: \x1b[m\x1b[KISO C++ forbids zero-size array \xe2\x80\x98\x1b[01m\x1b[Kpayload\x1b[m\x1b[K\xe2\x80\x99 [\x1b[01;35m\x1b[K\x1b]8;;https://gcc.gnu.org/onlinedocs/gcc/Warning-Options.html#index-Wpedantic\x07-Wpedantic\x1b]8;;\x07\x1b[m\x1b[K]\n'}
[2.960461] (sllidar_ros2) StderrLine: {'line': b'  324 |     sl_u8  payload[\x1b[01;35m\x1b[K0\x1b[m\x1b[K];\n'}
[2.962636] (sllidar_ros2) StderrLine: {'line': b'      |                    \x1b[01;35m\x1b[K^\x1b[m\x1b[K\n'}
[3.018386] (-) TimerEvent: {}
[3.115405] (sllidar_ros2) StderrLine: {'line': b'In file included from \x1b[01m\x1b[K/home/sharo/mine-adas/ros2_ws/src/sllidar_ros2/sdk/src/sl_lidarprotocol_codec.cpp:49\x1b[m\x1b[K:\n'}
[3.115760] (sllidar_ros2) StderrLine: {'line': b'\x1b[01m\x1b[K/home/sharo/mine-adas/ros2_ws/src/sllidar_ros2/sdk/src/sl_async_transceiver.h:\x1b[m\x1b[K In member function \xe2\x80\x98\x1b[01m\x1b[Kvirtual void sl::internal::IAsyncProtocolCodec::onChannelError(u_result)\x1b[m\x1b[K\xe2\x80\x99:\n'}
[3.115854] (sllidar_ros2) StderrLine: {'line': b'\x1b[01m\x1b[K/home/sharo/mine-adas/ros2_ws/src/sllidar_ros2/sdk/src/sl_async_transceiver.h:90:48:\x1b[m\x1b[K \x1b[01;35m\x1b[Kwarning: \x1b[m\x1b[Kunused parameter \xe2\x80\x98\x1b[01m\x1b[KerrCode\x1b[m\x1b[K\xe2\x80\x99 [\x1b[01;35m\x1b[K\x1b]8;;https://gcc.gnu.org/onlinedocs/gcc/Warning-Options.html#index-Wunused-parameter\x07-Wunused-parameter\x1b]8;;\x07\x1b[m\x1b[K]\n'}
[3.115959] (sllidar_ros2) StderrLine: {'line': b'   90 |         virtual void   onChannelError(\x1b[01;35m\x1b[Ku_result errCode\x1b[m\x1b[K) {}\n'}
[3.116037] (sllidar_ros2) StderrLine: {'line': b'      |                                       \x1b[01;35m\x1b[K~~~~~~~~~^~~~~~~\x1b[m\x1b[K\n'}
[3.118520] (-) TimerEvent: {}
[3.127342] (sllidar_ros2) StderrLine: {'line': b'In file included from \x1b[01m\x1b[K/home/sharo/mine-adas/ros2_ws/src/sllidar_ros2/sdk/src/sl_lidar_driver.cpp:50\x1b[m\x1b[K:\n'}
[3.127627] (sllidar_ros2) StderrLine: {'line': b'\x1b[01m\x1b[K/home/sharo/mine-adas/ros2_ws/src/sllidar_ros2/sdk/src/dataunpacker/dataunpacker.h:\x1b[m\x1b[K In member function \xe2\x80\x98\x1b[01m\x1b[Kvirtual void sl::internal::LIDARSampleDataListener::onCustomSampleDataDecoded(_u8, _u32, const void*, size_t)\x1b[m\x1b[K\xe2\x80\x99:\n'}
[3.127735] (sllidar_ros2) StderrLine: {'line': b'\x1b[01m\x1b[K/home/sharo/mine-adas/ros2_ws/src/sllidar_ros2/sdk/src/dataunpacker/dataunpacker.h:54:52:\x1b[m\x1b[K \x1b[01;35m\x1b[Kwarning: \x1b[m\x1b[Kunused parameter \xe2\x80\x98\x1b[01m\x1b[KansType\x1b[m\x1b[K\xe2\x80\x99 [\x1b[01;35m\x1b[K\x1b]8;;https://gcc.gnu.org/onlinedocs/gcc/Warning-Options.html#index-Wunused-parameter\x07-Wunused-parameter\x1b]8;;\x07\x1b[m\x1b[K]\n'}
[3.127822] (sllidar_ros2) StderrLine: {'line': b'   54 |         virtual void onCustomSampleDataDecoded(\x1b[01;35m\x1b[K_u8 ansType\x1b[m\x1b[K, _u32 customCode, const void* data, size_t size) {}\n'}
[3.127902] (sllidar_ros2) StderrLine: {'line': b'      |                                                \x1b[01;35m\x1b[K~~~~^~~~~~~\x1b[m\x1b[K\n'}
[3.127977] (sllidar_ros2) StderrLine: {'line': b'\x1b[01m\x1b[K/home/sharo/mine-adas/ros2_ws/src/sllidar_ros2/sdk/src/dataunpacker/dataunpacker.h:54:66:\x1b[m\x1b[K \x1b[01;35m\x1b[Kwarning: \x1b[m\x1b[Kunused parameter \xe2\x80\x98\x1b[01m\x1b[KcustomCode\x1b[m\x1b[K\xe2\x80\x99 [\x1b[01;35m\x1b[K\x1b]8;;https://gcc.gnu.org/onlinedocs/gcc/Warning-Options.html#index-Wunused-parameter\x07-Wunused-parameter\x1b]8;;\x07\x1b[m\x1b[K]\n'}
[3.128057] (sllidar_ros2) StderrLine: {'line': b'   54 |         virtual void onCustomSampleDataDecoded(_u8 ansType, \x1b[01;35m\x1b[K_u32 customCode\x1b[m\x1b[K, const void* data, size_t size) {}\n'}
[3.128164] (sllidar_ros2) StderrLine: {'line': b'      |                                                             \x1b[01;35m\x1b[K~~~~~^~~~~~~~~~\x1b[m\x1b[K\n'}
[3.128297] (sllidar_ros2) StderrLine: {'line': b'\x1b[01m\x1b[K/home/sharo/mine-adas/ros2_ws/src/sllidar_ros2/sdk/src/dataunpacker/dataunpacker.h:54:90:\x1b[m\x1b[K \x1b[01;35m\x1b[Kwarning: \x1b[m\x1b[Kunused parameter \xe2\x80\x98\x1b[01m\x1b[Kdata\x1b[m\x1b[K\xe2\x80\x99 [\x1b[01;35m\x1b[K\x1b]8;;https://gcc.gnu.org/onlinedocs/gcc/Warning-Options.html#index-Wunused-parameter\x07-Wunused-parameter\x1b]8;;\x07\x1b[m\x1b[K]\n'}
[3.128383] (sllidar_ros2) StderrLine: {'line': b'   54 |         virtual void onCustomSampleDataDecoded(_u8 ansType, _u32 customCode, \x1b[01;35m\x1b[Kconst void* data\x1b[m\x1b[K, size_t size) {}\n'}
[3.128453] (sllidar_ros2) StderrLine: {'line': b'      |                                                                              \x1b[01;35m\x1b[K~~~~~~~~~~~~^~~~\x1b[m\x1b[K\n'}
[3.128520] (sllidar_ros2) StderrLine: {'line': b'\x1b[01m\x1b[K/home/sharo/mine-adas/ros2_ws/src/sllidar_ros2/sdk/src/dataunpacker/dataunpacker.h:54:103:\x1b[m\x1b[K \x1b[01;35m\x1b[Kwarning: \x1b[m\x1b[Kunused parameter \xe2\x80\x98\x1b[01m\x1b[Ksize\x1b[m\x1b[K\xe2\x80\x99 [\x1b[01;35m\x1b[K\x1b]8;;https://gcc.gnu.org/onlinedocs/gcc/Warning-Options.html#index-Wunused-parameter\x07-Wunused-parameter\x1b]8;;\x07\x1b[m\x1b[K]\n'}
[3.128629] (sllidar_ros2) StderrLine: {'line': b'   54 |         virtual void onCustomSampleDataDecoded(_u8 ansType, _u32 customCode, const void* data, \x1b[01;35m\x1b[Ksize_t size\x1b[m\x1b[K) {}\n'}
[3.128713] (sllidar_ros2) StderrLine: {'line': b'      |                                                                                                \x1b[01;35m\x1b[K~~~~~~~^~~~\x1b[m\x1b[K\n'}
[3.128792] (sllidar_ros2) StderrLine: {'line': b'\x1b[01m\x1b[K/home/sharo/mine-adas/ros2_ws/src/sllidar_ros2/sdk/src/dataunpacker/dataunpacker.h:\x1b[m\x1b[K In member function \xe2\x80\x98\x1b[01m\x1b[Kvirtual void sl::internal::LIDARSampleDataListener::onDecodingError(int, _u8, const void*, size_t)\x1b[m\x1b[K\xe2\x80\x99:\n'}
[3.128876] (sllidar_ros2) StderrLine: {'line': b'\x1b[01m\x1b[K/home/sharo/mine-adas/ros2_ws/src/sllidar_ros2/sdk/src/dataunpacker/dataunpacker.h:56:42:\x1b[m\x1b[K \x1b[01;35m\x1b[Kwarning: \x1b[m\x1b[Kunused parameter \xe2\x80\x98\x1b[01m\x1b[KerrMsg\x1b[m\x1b[K\xe2\x80\x99 [\x1b[01;35m\x1b[K\x1b]8;;https://gcc.gnu.org/onlinedocs/gcc/Warning-Options.html#index-Wunused-parameter\x07-Wunused-parameter\x1b]8;;\x07\x1b[m\x1b[K]\n'}
[3.128954] (sllidar_ros2) StderrLine: {'line': b'   56 |         virtual void onDecodingError(\x1b[01;35m\x1b[Kint errMsg\x1b[m\x1b[K, _u8 ansType, const void* payload, size_t size) {}\n'}
[3.129015] (sllidar_ros2) StderrLine: {'line': b'      |                                      \x1b[01;35m\x1b[K~~~~^~~~~~\x1b[m\x1b[K\n'}
[3.129074] (sllidar_ros2) StderrLine: {'line': b'\x1b[01m\x1b[K/home/sharo/mine-adas/ros2_ws/src/sllidar_ros2/sdk/src/dataunpacker/dataunpacker.h:56:54:\x1b[m\x1b[K \x1b[01;35m\x1b[Kwarning: \x1b[m\x1b[Kunused parameter \xe2\x80\x98\x1b[01m\x1b[KansType\x1b[m\x1b[K\xe2\x80\x99 [\x1b[01;35m\x1b[K\x1b]8;;https://gcc.gnu.org/onlinedocs/gcc/Warning-Options.html#index-Wunused-parameter\x07-Wunused-parameter\x1b]8;;\x07\x1b[m\x1b[K]\n'}
[3.129136] (sllidar_ros2) StderrLine: {'line': b'   56 |         virtual void onDecodingError(int errMsg, \x1b[01;35m\x1b[K_u8 ansType\x1b[m\x1b[K, const void* payload, size_t size) {}\n'}
[3.129193] (sllidar_ros2) StderrLine: {'line': b'      |                                                  \x1b[01;35m\x1b[K~~~~^~~~~~~\x1b[m\x1b[K\n'}
[3.129291] (sllidar_ros2) StderrLine: {'line': b'\x1b[01m\x1b[K/home/sharo/mine-adas/ros2_ws/src/sllidar_ros2/sdk/src/dataunpacker/dataunpacker.h:56:75:\x1b[m\x1b[K \x1b[01;35m\x1b[Kwarning: \x1b[m\x1b[Kunused parameter \xe2\x80\x98\x1b[01m\x1b[Kpayload\x1b[m\x1b[K\xe2\x80\x99 [\x1b[01;35m\x1b[K\x1b]8;;https://gcc.gnu.org/onlinedocs/gcc/Warning-Options.html#index-Wunused-parameter\x07-Wunused-parameter\x1b]8;;\x07\x1b[m\x1b[K]\n'}
[3.129370] (sllidar_ros2) StderrLine: {'line': b'   56 |         virtual void onDecodingError(int errMsg, _u8 ansType, \x1b[01;35m\x1b[Kconst void* payload\x1b[m\x1b[K, size_t size) {}\n'}
[3.129436] (sllidar_ros2) StderrLine: {'line': b'      |                                                               \x1b[01;35m\x1b[K~~~~~~~~~~~~^~~~~~~\x1b[m\x1b[K\n'}
[3.129502] (sllidar_ros2) StderrLine: {'line': b'\x1b[01m\x1b[K/home/sharo/mine-adas/ros2_ws/src/sllidar_ros2/sdk/src/dataunpacker/dataunpacker.h:56:91:\x1b[m\x1b[K \x1b[01;35m\x1b[Kwarning: \x1b[m\x1b[Kunused parameter \xe2\x80\x98\x1b[01m\x1b[Ksize\x1b[m\x1b[K\xe2\x80\x99 [\x1b[01;35m\x1b[K\x1b]8;;https://gcc.gnu.org/onlinedocs/gcc/Warning-Options.html#index-Wunused-parameter\x07-Wunused-parameter\x1b]8;;\x07\x1b[m\x1b[K]\n'}
[3.129571] (sllidar_ros2) StderrLine: {'line': b'   56 |         virtual void onDecodingError(int errMsg, _u8 ansType, const void* payload, \x1b[01;35m\x1b[Ksize_t size\x1b[m\x1b[K) {}\n'}
[3.129640] (sllidar_ros2) StderrLine: {'line': b'      |                                                                                    \x1b[01;35m\x1b[K~~~~~~~^~~~\x1b[m\x1b[K\n'}
[3.140701] (sllidar_ros2) StderrLine: {'line': b'In file included from \x1b[01m\x1b[K/home/sharo/mine-adas/ros2_ws/src/sllidar_ros2/sdk/src/sl_lidar_driver.cpp:51\x1b[m\x1b[K:\n'}
[3.140985] (sllidar_ros2) StderrLine: {'line': b'\x1b[01m\x1b[K/home/sharo/mine-adas/ros2_ws/src/sllidar_ros2/sdk/src/sl_async_transceiver.h:\x1b[m\x1b[K In member function \xe2\x80\x98\x1b[01m\x1b[Kvirtual void sl::internal::IAsyncProtocolCodec::onChannelError(u_result)\x1b[m\x1b[K\xe2\x80\x99:\n'}
[3.141123] (sllidar_ros2) StderrLine: {'line': b'\x1b[01m\x1b[K/home/sharo/mine-adas/ros2_ws/src/sllidar_ros2/sdk/src/sl_async_transceiver.h:90:48:\x1b[m\x1b[K \x1b[01;35m\x1b[Kwarning: \x1b[m\x1b[Kunused parameter \xe2\x80\x98\x1b[01m\x1b[KerrCode\x1b[m\x1b[K\xe2\x80\x99 [\x1b[01;35m\x1b[K\x1b]8;;https://gcc.gnu.org/onlinedocs/gcc/Warning-Options.html#index-Wunused-parameter\x07-Wunused-parameter\x1b]8;;\x07\x1b[m\x1b[K]\n'}
[3.141258] (sllidar_ros2) StderrLine: {'line': b'   90 |         virtual void   onChannelError(\x1b[01;35m\x1b[Ku_result errCode\x1b[m\x1b[K) {}\n'}
[3.141356] (sllidar_ros2) StderrLine: {'line': b'      |                                       \x1b[01;35m\x1b[K~~~~~~~~~^~~~~~~\x1b[m\x1b[K\n'}
[3.178324] (sllidar_ros2) StderrLine: {'line': b'\x1b[01m\x1b[K/home/sharo/mine-adas/ros2_ws/src/sllidar_ros2/sdk/src/sl_lidar_driver.cpp:\x1b[m\x1b[K In member function \xe2\x80\x98\x1b[01m\x1b[Kvirtual sl_result sl::SlamtecLidarDriver::reset(sl_u32)\x1b[m\x1b[K\xe2\x80\x99:\n'}
[3.178648] (sllidar_ros2) StderrLine: {'line': b'\x1b[01m\x1b[K/home/sharo/mine-adas/ros2_ws/src/sllidar_ros2/sdk/src/sl_lidar_driver.cpp:511:32:\x1b[m\x1b[K \x1b[01;35m\x1b[Kwarning: \x1b[m\x1b[Kunused parameter \xe2\x80\x98\x1b[01m\x1b[KtimeoutInMs\x1b[m\x1b[K\xe2\x80\x99 [\x1b[01;35m\x1b[K\x1b]8;;https://gcc.gnu.org/onlinedocs/gcc/Warning-Options.html#index-Wunused-parameter\x07-Wunused-parameter\x1b]8;;\x07\x1b[m\x1b[K]\n'}
[3.178789] (sllidar_ros2) StderrLine: {'line': b'  511 |         sl_result reset(\x1b[01;35m\x1b[Ksl_u32 timeoutInMs = DEFAULT_TIMEOUT\x1b[m\x1b[K)\n'}
[3.178898] (sllidar_ros2) StderrLine: {'line': b'      |                         \x1b[01;35m\x1b[K~~~~~~~^~~~~~~~~~~~~~~~~~~~~~~~~~~~~\x1b[m\x1b[K\n'}
[3.183491] (sllidar_ros2) StderrLine: {'line': b'\x1b[01m\x1b[K/home/sharo/mine-adas/ros2_ws/src/sllidar_ros2/sdk/src/sl_lidar_driver.cpp:\x1b[m\x1b[K In member function \xe2\x80\x98\x1b[01m\x1b[Kvirtual sl_result sl::SlamtecLidarDriver::startScan(bool, bool, sl_u32, sl::LidarScanMode*)\x1b[m\x1b[K\xe2\x80\x99:\n'}
[3.183776] (sllidar_ros2) StderrLine: {'line': b'\x1b[01m\x1b[K/home/sharo/mine-adas/ros2_ws/src/sllidar_ros2/sdk/src/sl_lidar_driver.cpp:586:69:\x1b[m\x1b[K \x1b[01;35m\x1b[Kwarning: \x1b[m\x1b[Kunused parameter \xe2\x80\x98\x1b[01m\x1b[Koptions\x1b[m\x1b[K\xe2\x80\x99 [\x1b[01;35m\x1b[K\x1b]8;;https://gcc.gnu.org/onlinedocs/gcc/Warning-Options.html#index-Wunused-parameter\x07-Wunused-parameter\x1b]8;;\x07\x1b[m\x1b[K]\n'}
[3.183882] (sllidar_ros2) StderrLine: {'line': b'  586 |         sl_result startScan(bool force, bool useTypicalScan, \x1b[01;35m\x1b[Ksl_u32 options = 0\x1b[m\x1b[K, LidarScanMode* outUsedScanMode = nullptr)\n'}
[3.183967] (sllidar_ros2) StderrLine: {'line': b'      |                                                              \x1b[01;35m\x1b[K~~~~~~~^~~~~~~~~~~\x1b[m\x1b[K\n'}
[3.187331] (sllidar_ros2) StderrLine: {'line': b'\x1b[01m\x1b[K/home/sharo/mine-adas/ros2_ws/src/sllidar_ros2/sdk/src/sl_lidar_driver.cpp:\x1b[m\x1b[K In member function \xe2\x80\x98\x1b[01m\x1b[Kvirtual sl_result sl::SlamtecLidarDriver::stop(sl_u32)\x1b[m\x1b[K\xe2\x80\x99:\n'}
[3.188502] (sllidar_ros2) StderrLine: {'line': b'\x1b[01m\x1b[K/home/sharo/mine-adas/ros2_ws/src/sllidar_ros2/sdk/src/sl_lidar_driver.cpp:763:31:\x1b[m\x1b[K \x1b[01;35m\x1b[Kwarning: \x1b[m\x1b[Kunused parameter \xe2\x80\x98\x1b[01m\x1b[Ktimeout\x1b[m\x1b[K\xe2\x80\x99 [\x1b[01;35m\x1b[K\x1b]8;;https://gcc.gnu.org/onlinedocs/gcc/Warning-Options.html#index-Wunused-parameter\x07-Wunused-parameter\x1b]8;;\x07\x1b[m\x1b[K]\n'}
[3.188804] (sllidar_ros2) StderrLine: {'line': b'  763 |         sl_result stop(\x1b[01;35m\x1b[Ksl_u32 timeout = DEFAULT_TIMEOUT\x1b[m\x1b[K)\n'}
[3.188907] (sllidar_ros2) StderrLine: {'line': b'      |                        \x1b[01;35m\x1b[K~~~~~~~^~~~~~~~~~~~~~~~~~~~~~~~~\x1b[m\x1b[K\n'}
[3.189319] (sllidar_ros2) StderrLine: {'line': b'\x1b[01m\x1b[K/home/sharo/mine-adas/ros2_ws/src/sllidar_ros2/sdk/src/sl_lidar_driver.cpp:\x1b[m\x1b[K In member function \xe2\x80\x98\x1b[01m\x1b[Kvirtual sl_result sl::SlamtecLidarDriver::getFrequency(const sl::LidarScanMode&, const sl_lidar_response_measurement_node_hq_t*, size_t, float&)\x1b[m\x1b[K\xe2\x80\x99:\n'}
[3.189566] (sllidar_ros2) StderrLine: {'line': b'\x1b[01m\x1b[K/home/sharo/mine-adas/ros2_ws/src/sllidar_ros2/sdk/src/sl_lidar_driver.cpp:880:110:\x1b[m\x1b[K \x1b[01;35m\x1b[Kwarning: \x1b[m\x1b[Kunused parameter \xe2\x80\x98\x1b[01m\x1b[Knodes\x1b[m\x1b[K\xe2\x80\x99 [\x1b[01;35m\x1b[K\x1b]8;;https://gcc.gnu.org/onlinedocs/gcc/Warning-Options.html#index-Wunused-parameter\x07-Wunused-parameter\x1b]8;;\x07\x1b[m\x1b[K]\n'}
[3.189680] (sllidar_ros2) StderrLine: {'line': b'  880 |         sl_result getFrequency(const LidarScanMode& scanMode, \x1b[01;35m\x1b[Kconst sl_lidar_response_measurement_node_hq_t* nodes\x1b[m\x1b[K, size_t count, float& frequency)\n'}
[3.189752] (sllidar_ros2) StderrLine: {'line': b'      |                                                               \x1b[01;35m\x1b[K~~~~~~~~~~~~~~~~~~~~~~~~~~~~~~~~~~~~~~~~~~~~~~~^~~~~\x1b[m\x1b[K\n'}
[3.195418] (sllidar_ros2) StderrLine: {'line': b'\x1b[01m\x1b[K/home/sharo/mine-adas/ros2_ws/src/sllidar_ros2/sdk/src/sl_lidar_driver.cpp:\x1b[m\x1b[K In member function \xe2\x80\x98\x1b[01m\x1b[Kvirtual sl_result sl::SlamtecLidarDriver::getMotorInfo(sl::LidarMotorInfo&, sl_u32)\x1b[m\x1b[K\xe2\x80\x99:\n'}
[3.195730] (sllidar_ros2) StderrLine: {'line': b'\x1b[01m\x1b[K/home/sharo/mine-adas/ros2_ws/src/sllidar_ros2/sdk/src/sl_lidar_driver.cpp:1023:66:\x1b[m\x1b[K \x1b[01;35m\x1b[Kwarning: \x1b[m\x1b[Kunused parameter \xe2\x80\x98\x1b[01m\x1b[KtimeoutInMs\x1b[m\x1b[K\xe2\x80\x99 [\x1b[01;35m\x1b[K\x1b]8;;https://gcc.gnu.org/onlinedocs/gcc/Warning-Options.html#index-Wunused-parameter\x07-Wunused-parameter\x1b]8;;\x07\x1b[m\x1b[K]\n'}
[3.195966] (sllidar_ros2) StderrLine: {'line': b' 1023 |         sl_result getMotorInfo(LidarMotorInfo &motorInfo, \x1b[01;35m\x1b[Ksl_u32 timeoutInMs\x1b[m\x1b[K)\n'}
[3.196091] (sllidar_ros2) StderrLine: {'line': b'      |                                                           \x1b[01;35m\x1b[K~~~~~~~^~~~~~~~~~~\x1b[m\x1b[K\n'}
[3.197161] (sllidar_ros2) StderrLine: {'line': b'\x1b[01m\x1b[K/home/sharo/mine-adas/ros2_ws/src/sllidar_ros2/sdk/src/sl_lidar_driver.cpp:\x1b[m\x1b[K In member function \xe2\x80\x98\x1b[01m\x1b[Ku_result sl::SlamtecLidarDriver::getScanModeCount(sl_u16&, sl_u32)\x1b[m\x1b[K\xe2\x80\x99:\n'}
[3.197505] (sllidar_ros2) StderrLine: {'line': b'\x1b[01m\x1b[K/home/sharo/mine-adas/ros2_ws/src/sllidar_ros2/sdk/src/sl_lidar_driver.cpp:1199:61:\x1b[m\x1b[K \x1b[01;35m\x1b[Kwarning: \x1b[m\x1b[Kunused parameter \xe2\x80\x98\x1b[01m\x1b[KtimeoutInMs\x1b[m\x1b[K\xe2\x80\x99 [\x1b[01;35m\x1b[K\x1b]8;;https://gcc.gnu.org/onlinedocs/gcc/Warning-Options.html#index-Wunused-parameter\x07-Wunused-parameter\x1b]8;;\x07\x1b[m\x1b[K]\n'}
[3.197639] (sllidar_ros2) StderrLine: {'line': b' 1199 |         u_result getScanModeCount(sl_u16& modeCount, \x1b[01;35m\x1b[Ksl_u32 timeoutInMs = DEFAULT_TIMEOUT\x1b[m\x1b[K)\n'}
[3.197725] (sllidar_ros2) StderrLine: {'line': b'      |                                                      \x1b[01;35m\x1b[K~~~~~~~^~~~~~~~~~~~~~~~~~~~~~~~~~~~~\x1b[m\x1b[K\n'}
[3.218654] (-) TimerEvent: {}
[3.248396] (sllidar_ros2) StderrLine: {'line': b'In file included from \x1b[01m\x1b[K/home/sharo/mine-adas/ros2_ws/src/sllidar_ros2/./sdk/include/sl_lidar_cmd.h:41\x1b[m\x1b[K,\n'}
[3.248797] (sllidar_ros2) StderrLine: {'line': b'                 from \x1b[01m\x1b[K/home/sharo/mine-adas/ros2_ws/src/sllidar_ros2/./sdk/include/sl_lidar_driver.h:54\x1b[m\x1b[K,\n'}
[3.249010] (sllidar_ros2) StderrLine: {'line': b'                 from \x1b[01m\x1b[K/home/sharo/mine-adas/ros2_ws/src/sllidar_ros2/sdk/src/sl_tcp_channel.cpp:33\x1b[m\x1b[K:\n'}
[3.249085] (sllidar_ros2) StderrLine: {'line': b'\x1b[01m\x1b[K/home/sharo/mine-adas/ros2_ws/src/sllidar_ros2/./sdk/include/sl_lidar_protocol.h:66:16:\x1b[m\x1b[K \x1b[01;35m\x1b[Kwarning: \x1b[m\x1b[KISO C++ forbids zero-size array \xe2\x80\x98\x1b[01m\x1b[Kdata\x1b[m\x1b[K\xe2\x80\x99 [\x1b[01;35m\x1b[K\x1b]8;;https://gcc.gnu.org/onlinedocs/gcc/Warning-Options.html#index-Wpedantic\x07-Wpedantic\x1b]8;;\x07\x1b[m\x1b[K]\n'}
[3.249164] (sllidar_ros2) StderrLine: {'line': b'   66 |     sl_u8 data[\x1b[01;35m\x1b[K0\x1b[m\x1b[K];\n'}
[3.249254] (sllidar_ros2) StderrLine: {'line': b'      |                \x1b[01;35m\x1b[K^\x1b[m\x1b[K\n'}
[3.249328] (sllidar_ros2) StderrLine: {'line': b'In file included from \x1b[01m\x1b[K/home/sharo/mine-adas/ros2_ws/src/sllidar_ros2/./sdk/include/sl_lidar_driver.h:54\x1b[m\x1b[K,\n'}
[3.249394] (sllidar_ros2) StderrLine: {'line': b'                 from \x1b[01m\x1b[K/home/sharo/mine-adas/ros2_ws/src/sllidar_ros2/sdk/src/sl_tcp_channel.cpp:33\x1b[m\x1b[K:\n'}
[3.249459] (sllidar_ros2) StderrLine: {'line': b'\x1b[01m\x1b[K/home/sharo/mine-adas/ros2_ws/src/sllidar_ros2/./sdk/include/sl_lidar_cmd.h:324:20:\x1b[m\x1b[K \x1b[01;35m\x1b[Kwarning: \x1b[m\x1b[KISO C++ forbids zero-size array \xe2\x80\x98\x1b[01m\x1b[Kpayload\x1b[m\x1b[K\xe2\x80\x99 [\x1b[01;35m\x1b[K\x1b]8;;https://gcc.gnu.org/onlinedocs/gcc/Warning-Options.html#index-Wpedantic\x07-Wpedantic\x1b]8;;\x07\x1b[m\x1b[K]\n'}
[3.249536] (sllidar_ros2) StderrLine: {'line': b'  324 |     sl_u8  payload[\x1b[01;35m\x1b[K0\x1b[m\x1b[K];\n'}
[3.249608] (sllidar_ros2) StderrLine: {'line': b'      |                    \x1b[01;35m\x1b[K^\x1b[m\x1b[K\n'}
[3.252864] (sllidar_ros2) StderrLine: {'line': b'\x1b[01m\x1b[K/home/sharo/mine-adas/ros2_ws/src/sllidar_ros2/sdk/src/sl_tcp_channel.cpp:\x1b[m\x1b[K In member function \xe2\x80\x98\x1b[01m\x1b[Kvoid sl::TcpChannel::setStatus(_u32)\x1b[m\x1b[K\xe2\x80\x99:\n'}
[3.253150] (sllidar_ros2) StderrLine: {'line': b'\x1b[01m\x1b[K/home/sharo/mine-adas/ros2_ws/src/sllidar_ros2/sdk/src/sl_tcp_channel.cpp:109:29:\x1b[m\x1b[K \x1b[01;35m\x1b[Kwarning: \x1b[m\x1b[Kunused parameter \xe2\x80\x98\x1b[01m\x1b[Kflag\x1b[m\x1b[K\xe2\x80\x99 [\x1b[01;35m\x1b[K\x1b]8;;https://gcc.gnu.org/onlinedocs/gcc/Warning-Options.html#index-Wunused-parameter\x07-Wunused-parameter\x1b]8;;\x07\x1b[m\x1b[K]\n'}
[3.253284] (sllidar_ros2) StderrLine: {'line': b'  109 |         void setStatus(\x1b[01;35m\x1b[K_u32 flag\x1b[m\x1b[K){}\n'}
[3.253360] (sllidar_ros2) StderrLine: {'line': b'      |                        \x1b[01;35m\x1b[K~~~~~^~~~\x1b[m\x1b[K\n'}
[3.261601] (sllidar_ros2) StderrLine: {'line': b'/home/sharo/mine-adas/ros2_ws/src/sllidar_ros2/sdk/src/sl_lidar_driver.cpp: In instantiation of \xe2\x80\x98\x1b[01m\x1b[Kvoid sl::RawSampleNodeHolder<T>::pushNode(_u64, const T*) [with T = sl_lidar_response_measurement_node_hq_t; _u64 = long unsigned int]\x1b[m\x1b[K\xe2\x80\x99:\n'}
[3.261868] (sllidar_ros2) StderrLine: {'line': b'\x1b[01m\x1b[K/home/sharo/mine-adas/ros2_ws/src/sllidar_ros2/sdk/src/sl_lidar_driver.cpp:1648:42:\x1b[m\x1b[K   required from here\n'}
[3.261950] (sllidar_ros2) StderrLine: {'line': b'\x1b[01m\x1b[K/home/sharo/mine-adas/ros2_ws/src/sllidar_ros2/sdk/src/sl_lidar_driver.cpp:202:28:\x1b[m\x1b[K \x1b[01;35m\x1b[Kwarning: \x1b[m\x1b[Kunused parameter \xe2\x80\x98\x1b[01m\x1b[Ktimestamp_uS\x1b[m\x1b[K\xe2\x80\x99 [\x1b[01;35m\x1b[K\x1b]8;;https://gcc.gnu.org/onlinedocs/gcc/Warning-Options.html#index-Wunused-parameter\x07-Wunused-parameter\x1b]8;;\x07\x1b[m\x1b[K]\n'}
[3.262022] (sllidar_ros2) StderrLine: {'line': b'  202 |         void pushNode(\x1b[01;35m\x1b[K_u64 timestamp_uS\x1b[m\x1b[K, const T* node)\n'}
[3.262090] (sllidar_ros2) StderrLine: {'line': b'      |                       \x1b[01;35m\x1b[K~~~~~^~~~~~~~~~~~\x1b[m\x1b[K\n'}
[3.302514] (sllidar_ros2) StderrLine: {'line': b'In file included from \x1b[01m\x1b[K/home/sharo/mine-adas/ros2_ws/src/sllidar_ros2/./sdk/include/sl_lidar_cmd.h:41\x1b[m\x1b[K,\n'}
[3.302800] (sllidar_ros2) StderrLine: {'line': b'                 from \x1b[01m\x1b[K/home/sharo/mine-adas/ros2_ws/src/sllidar_ros2/./sdk/include/sl_lidar_driver.h:54\x1b[m\x1b[K,\n'}
[3.302949] (sllidar_ros2) StderrLine: {'line': b'                 from \x1b[01m\x1b[K/home/sharo/mine-adas/ros2_ws/src/sllidar_ros2/sdk/src/sl_udp_channel.cpp:33\x1b[m\x1b[K:\n'}
[3.303129] (sllidar_ros2) StderrLine: {'line': b'\x1b[01m\x1b[K/home/sharo/mine-adas/ros2_ws/src/sllidar_ros2/./sdk/include/sl_lidar_protocol.h:66:16:\x1b[m\x1b[K \x1b[01;35m\x1b[Kwarning: \x1b[m\x1b[KISO C++ forbids zero-size array \xe2\x80\x98\x1b[01m\x1b[Kdata\x1b[m\x1b[K\xe2\x80\x99 [\x1b[01;35m\x1b[K\x1b]8;;https://gcc.gnu.org/onlinedocs/gcc/Warning-Options.html#index-Wpedantic\x07-Wpedantic\x1b]8;;\x07\x1b[m\x1b[K]\n'}
[3.303196] (sllidar_ros2) StderrLine: {'line': b'   66 |     sl_u8 data[\x1b[01;35m\x1b[K0\x1b[m\x1b[K];\n'}
[3.303277] (sllidar_ros2) StderrLine: {'line': b'      |                \x1b[01;35m\x1b[K^\x1b[m\x1b[K\n'}
[3.303337] (sllidar_ros2) StderrLine: {'line': b'In file included from \x1b[01m\x1b[K/home/sharo/mine-adas/ros2_ws/src/sllidar_ros2/./sdk/include/sl_lidar_driver.h:54\x1b[m\x1b[K,\n'}
[3.303381] (sllidar_ros2) StderrLine: {'line': b'                 from \x1b[01m\x1b[K/home/sharo/mine-adas/ros2_ws/src/sllidar_ros2/sdk/src/sl_udp_channel.cpp:33\x1b[m\x1b[K:\n'}
[3.303423] (sllidar_ros2) StderrLine: {'line': b'\x1b[01m\x1b[K/home/sharo/mine-adas/ros2_ws/src/sllidar_ros2/./sdk/include/sl_lidar_cmd.h:324:20:\x1b[m\x1b[K \x1b[01;35m\x1b[Kwarning: \x1b[m\x1b[KISO C++ forbids zero-size array \xe2\x80\x98\x1b[01m\x1b[Kpayload\x1b[m\x1b[K\xe2\x80\x99 [\x1b[01;35m\x1b[K\x1b]8;;https://gcc.gnu.org/onlinedocs/gcc/Warning-Options.html#index-Wpedantic\x07-Wpedantic\x1b]8;;\x07\x1b[m\x1b[K]\n'}
[3.303474] (sllidar_ros2) StderrLine: {'line': b'  324 |     sl_u8  payload[\x1b[01;35m\x1b[K0\x1b[m\x1b[K];\n'}
[3.303518] (sllidar_ros2) StderrLine: {'line': b'      |                    \x1b[01;35m\x1b[K^\x1b[m\x1b[K\n'}
[3.308610] (sllidar_ros2) StderrLine: {'line': b'\x1b[01m\x1b[K/home/sharo/mine-adas/ros2_ws/src/sllidar_ros2/sdk/src/sl_udp_channel.cpp:\x1b[m\x1b[K In member function \xe2\x80\x98\x1b[01m\x1b[Kvoid sl::UdpChannel::setStatus(_u32)\x1b[m\x1b[K\xe2\x80\x99:\n'}
[3.308915] (sllidar_ros2) StderrLine: {'line': b'\x1b[01m\x1b[K/home/sharo/mine-adas/ros2_ws/src/sllidar_ros2/sdk/src/sl_udp_channel.cpp:112:29:\x1b[m\x1b[K \x1b[01;35m\x1b[Kwarning: \x1b[m\x1b[Kunused parameter \xe2\x80\x98\x1b[01m\x1b[Kflag\x1b[m\x1b[K\xe2\x80\x99 [\x1b[01;35m\x1b[K\x1b]8;;https://gcc.gnu.org/onlinedocs/gcc/Warning-Options.html#index-Wunused-parameter\x07-Wunused-parameter\x1b]8;;\x07\x1b[m\x1b[K]\n'}
[3.309088] (sllidar_ros2) StderrLine: {'line': b'  112 |         void setStatus(\x1b[01;35m\x1b[K_u32 flag\x1b[m\x1b[K){}\n'}
[3.309284] (sllidar_ros2) StderrLine: {'line': b'      |                        \x1b[01;35m\x1b[K~~~~~^~~~\x1b[m\x1b[K\n'}
[3.318807] (-) TimerEvent: {}
[3.412560] (sllidar_ros2) StderrLine: {'line': b'\x1b[01m\x1b[K/home/sharo/mine-adas/ros2_ws/src/sllidar_ros2/sdk/src/sl_lidar_driver.cpp:\x1b[m\x1b[K At global scope:\n'}
[3.412818] (sllidar_ros2) StderrLine: {'line': b'\x1b[01m\x1b[K/home/sharo/mine-adas/ros2_ws/src/sllidar_ros2/sdk/src/sl_lidar_driver.cpp:83:17:\x1b[m\x1b[K \x1b[01;35m\x1b[Kwarning: \x1b[m\x1b[K\xe2\x80\x98\x1b[01m\x1b[Kvoid sl::convert(const sl_lidar_response_measurement_node_hq_t&, sl_lidar_response_measurement_node_t&)\x1b[m\x1b[K\xe2\x80\x99 defined but not used [\x1b[01;35m\x1b[K\x1b]8;;https://gcc.gnu.org/onlinedocs/gcc/Warning-Options.html#index-Wunused-function\x07-Wunused-function\x1b]8;;\x07\x1b[m\x1b[K]\n'}
[3.412886] (sllidar_ros2) StderrLine: {'line': b'   83 |     static void \x1b[01;35m\x1b[Kconvert\x1b[m\x1b[K(const sl_lidar_response_measurement_node_hq_t& from, sl_lidar_response_measurement_node_t& to)\n'}
[3.412932] (sllidar_ros2) StderrLine: {'line': b'      |                 \x1b[01;35m\x1b[K^~~~~~~\x1b[m\x1b[K\n'}
[3.412973] (sllidar_ros2) StderrLine: {'line': b'\x1b[01m\x1b[K/home/sharo/mine-adas/ros2_ws/src/sllidar_ros2/sdk/src/sl_lidar_driver.cpp:75:17:\x1b[m\x1b[K \x1b[01;35m\x1b[Kwarning: \x1b[m\x1b[K\xe2\x80\x98\x1b[01m\x1b[Kvoid sl::convert(const sl_lidar_response_measurement_node_t&, sl_lidar_response_measurement_node_hq_t&)\x1b[m\x1b[K\xe2\x80\x99 defined but not used [\x1b[01;35m\x1b[K\x1b]8;;https://gcc.gnu.org/onlinedocs/gcc/Warning-Options.html#index-Wunused-function\x07-Wunused-function\x1b]8;;\x07\x1b[m\x1b[K]\n'}
[3.413035] (sllidar_ros2) StderrLine: {'line': b'   75 |     static void \x1b[01;35m\x1b[Kconvert\x1b[m\x1b[K(const sl_lidar_response_measurement_node_t& from, sl_lidar_response_measurement_node_hq_t& to)\n'}
[3.413075] (sllidar_ros2) StderrLine: {'line': b'      |                 \x1b[01;35m\x1b[K^~~~~~~\x1b[m\x1b[K\n'}
[3.413115] (sllidar_ros2) StderrLine: {'line': b'\x1b[01m\x1b[K/home/sharo/mine-adas/ros2_ws/src/sllidar_ros2/sdk/src/sl_lidar_driver.cpp:70:17:\x1b[m\x1b[K \x1b[01;35m\x1b[Kwarning: \x1b[m\x1b[K\xe2\x80\x98\x1b[01m\x1b[Kvoid sl::printDeprecationWarn(const char*, const char*)\x1b[m\x1b[K\xe2\x80\x99 defined but not used [\x1b[01;35m\x1b[K\x1b]8;;https://gcc.gnu.org/onlinedocs/gcc/Warning-Options.html#index-Wunused-function\x07-Wunused-function\x1b]8;;\x07\x1b[m\x1b[K]\n'}
[3.413164] (sllidar_ros2) StderrLine: {'line': b'   70 |     static void \x1b[01;35m\x1b[KprintDeprecationWarn\x1b[m\x1b[K(const char* fn, const char* replacement)\n'}
[3.413207] (sllidar_ros2) StderrLine: {'line': b'      |                 \x1b[01;35m\x1b[K^~~~~~~~~~~~~~~~~~~~\x1b[m\x1b[K\n'}
[3.418968] (-) TimerEvent: {}
[3.519402] (-) TimerEvent: {}
[3.619872] (-) TimerEvent: {}
[3.720346] (-) TimerEvent: {}
[3.820773] (-) TimerEvent: {}
[3.921156] (-) TimerEvent: {}
[4.021547] (-) TimerEvent: {}
[4.121901] (-) TimerEvent: {}
[4.222269] (-) TimerEvent: {}
[4.322622] (-) TimerEvent: {}
[4.423001] (-) TimerEvent: {}
[4.511612] (sllidar_ros2) StderrLine: {'line': b'In file included from \x1b[01m\x1b[K/home/sharo/mine-adas/ros2_ws/src/sllidar_ros2/./sdk/include/sl_lidar_cmd.h:41\x1b[m\x1b[K,\n'}
[4.512154] (sllidar_ros2) StderrLine: {'line': b'                 from \x1b[01m\x1b[K/home/sharo/mine-adas/ros2_ws/src/sllidar_ros2/./sdk/include/sl_lidar_driver.h:54\x1b[m\x1b[K,\n'}
[4.512230] (sllidar_ros2) StderrLine: {'line': b'                 from \x1b[01m\x1b[K/home/sharo/mine-adas/ros2_ws/src/sllidar_ros2/./sdk/include/sl_lidar.h:36\x1b[m\x1b[K,\n'}
[4.512284] (sllidar_ros2) StderrLine: {'line': b'                 from \x1b[01m\x1b[K/home/sharo/mine-adas/ros2_ws/src/sllidar_ros2/src/sllidar_node.cpp:38\x1b[m\x1b[K:\n'}
[4.512331] (sllidar_ros2) StderrLine: {'line': b'\x1b[01m\x1b[K/home/sharo/mine-adas/ros2_ws/src/sllidar_ros2/./sdk/include/sl_lidar_protocol.h:66:16:\x1b[m\x1b[K \x1b[01;35m\x1b[Kwarning: \x1b[m\x1b[KISO C++ forbids zero-size array \xe2\x80\x98\x1b[01m\x1b[Kdata\x1b[m\x1b[K\xe2\x80\x99 [\x1b[01;35m\x1b[K\x1b]8;;https://gcc.gnu.org/onlinedocs/gcc/Warning-Options.html#index-Wpedantic\x07-Wpedantic\x1b]8;;\x07\x1b[m\x1b[K]\n'}
[4.512377] (sllidar_ros2) StderrLine: {'line': b'   66 |     sl_u8 data[\x1b[01;35m\x1b[K0\x1b[m\x1b[K];\n'}
[4.512416] (sllidar_ros2) StderrLine: {'line': b'      |                \x1b[01;35m\x1b[K^\x1b[m\x1b[K\n'}
[4.512455] (sllidar_ros2) StderrLine: {'line': b'In file included from \x1b[01m\x1b[K/home/sharo/mine-adas/ros2_ws/src/sllidar_ros2/./sdk/include/sl_lidar_driver.h:54\x1b[m\x1b[K,\n'}
[4.512495] (sllidar_ros2) StderrLine: {'line': b'                 from \x1b[01m\x1b[K/home/sharo/mine-adas/ros2_ws/src/sllidar_ros2/./sdk/include/sl_lidar.h:36\x1b[m\x1b[K,\n'}
[4.512555] (sllidar_ros2) StderrLine: {'line': b'                 from \x1b[01m\x1b[K/home/sharo/mine-adas/ros2_ws/src/sllidar_ros2/src/sllidar_node.cpp:38\x1b[m\x1b[K:\n'}
[4.512595] (sllidar_ros2) StderrLine: {'line': b'\x1b[01m\x1b[K/home/sharo/mine-adas/ros2_ws/src/sllidar_ros2/./sdk/include/sl_lidar_cmd.h:324:20:\x1b[m\x1b[K \x1b[01;35m\x1b[Kwarning: \x1b[m\x1b[KISO C++ forbids zero-size array \xe2\x80\x98\x1b[01m\x1b[Kpayload\x1b[m\x1b[K\xe2\x80\x99 [\x1b[01;35m\x1b[K\x1b]8;;https://gcc.gnu.org/onlinedocs/gcc/Warning-Options.html#index-Wpedantic\x07-Wpedantic\x1b]8;;\x07\x1b[m\x1b[K]\n'}
[4.512642] (sllidar_ros2) StderrLine: {'line': b'  324 |     sl_u8  payload[\x1b[01;35m\x1b[K0\x1b[m\x1b[K];\n'}
[4.512686] (sllidar_ros2) StderrLine: {'line': b'      |                    \x1b[01;35m\x1b[K^\x1b[m\x1b[K\n'}
[4.523182] (-) TimerEvent: {}
[4.623643] (-) TimerEvent: {}
[4.724066] (-) TimerEvent: {}
[4.824505] (-) TimerEvent: {}
[4.924934] (-) TimerEvent: {}
[5.025368] (-) TimerEvent: {}
[5.125808] (-) TimerEvent: {}
[5.226272] (-) TimerEvent: {}
[5.326714] (-) TimerEvent: {}
[5.427399] (-) TimerEvent: {}
[5.527783] (-) TimerEvent: {}
[5.628179] (-) TimerEvent: {}
[5.728568] (-) TimerEvent: {}
[5.828939] (-) TimerEvent: {}
[5.929328] (-) TimerEvent: {}
[6.029691] (-) TimerEvent: {}
[6.130033] (-) TimerEvent: {}
[6.230713] (-) TimerEvent: {}
[6.331451] (-) TimerEvent: {}
[6.431867] (-) TimerEvent: {}
[6.532624] (-) TimerEvent: {}
[6.633033] (-) TimerEvent: {}
[6.733433] (-) TimerEvent: {}
[6.833838] (-) TimerEvent: {}
[6.934292] (-) TimerEvent: {}
[7.034673] (-) TimerEvent: {}
[7.135053] (-) TimerEvent: {}
[7.235521] (-) TimerEvent: {}
[7.296857] (sllidar_ros2) StdoutLine: {'line': b'[ 95%] \x1b[32m\x1b[1mLinking CXX executable sllidar_node\x1b[0m\n'}
[7.335690] (-) TimerEvent: {}
[7.436140] (-) TimerEvent: {}
[7.536601] (-) TimerEvent: {}
[7.637036] (-) TimerEvent: {}
[7.729337] (sllidar_ros2) StdoutLine: {'line': b'[ 95%] Built target sllidar_node\n'}
[7.737204] (-) TimerEvent: {}
[7.837638] (-) TimerEvent: {}
[7.938038] (-) TimerEvent: {}
[8.038448] (-) TimerEvent: {}
[8.138841] (-) TimerEvent: {}
[8.239259] (-) TimerEvent: {}
[8.339741] (-) TimerEvent: {}
[8.440140] (-) TimerEvent: {}
[8.540590] (-) TimerEvent: {}
[8.640999] (-) TimerEvent: {}
[8.741391] (-) TimerEvent: {}
[8.841766] (-) TimerEvent: {}
[8.942166] (-) TimerEvent: {}
[9.042587] (-) TimerEvent: {}
[9.142986] (-) TimerEvent: {}
[9.243411] (-) TimerEvent: {}
[9.343805] (-) TimerEvent: {}
[9.444198] (-) TimerEvent: {}
[9.544620] (-) TimerEvent: {}
[9.645161] (-) TimerEvent: {}
[9.745585] (-) TimerEvent: {}
[9.845983] (-) TimerEvent: {}
[9.946450] (-) TimerEvent: {}
[10.046844] (-) TimerEvent: {}
[10.147236] (-) TimerEvent: {}
[10.247709] (-) TimerEvent: {}
[10.348267] (-) TimerEvent: {}
[10.439725] (sllidar_ros2) StdoutLine: {'line': b'[100%] \x1b[32m\x1b[1mLinking CXX executable sllidar_client\x1b[0m\n'}
[10.448422] (-) TimerEvent: {}
[10.548875] (-) TimerEvent: {}
[10.649298] (-) TimerEvent: {}
[10.749744] (-) TimerEvent: {}
[10.850155] (-) TimerEvent: {}
[10.945097] (sllidar_ros2) StdoutLine: {'line': b'[100%] Built target sllidar_client\n'}
[10.950302] (-) TimerEvent: {}
[10.960192] (sllidar_ros2) CommandEnded: {'returncode': 0}
[10.961367] (sllidar_ros2) JobProgress: {'identifier': 'sllidar_ros2', 'progress': 'install'}
[10.972869] (sllidar_ros2) Command: {'cmd': ['/usr/bin/cmake', '--install', '/home/sharo/mine-adas/ros2_ws/build/sllidar_ros2'], 'cwd': '/home/sharo/mine-adas/ros2_ws/build/sllidar_ros2', 'env': OrderedDict([('LESSOPEN', '| /usr/bin/lesspipe %s'), ('PYTHONWARNINGS', 'ignore:::setuptools.installer,ignore:::setuptools.command.install,ignore:::setuptools.command.easy_install'), ('CCACHE_TEMPDIR', '/tmp/ccache'), ('GZ_SIM_RESOURCE_PATH', '/home/sharo/cognipilot/cranium/install/dream_world/share/dream_world/worlds:/home/sharo/cognipilot/cranium/install/dream_world/share/dream_world/models:/home/sharo/cognipilot/cranium/install/b3rb_gz_resource/share/b3rb_gz_resource/models:/home/sharo/Downloads/NXP_CUP_INDIA_2026/install/dream_world/share/dream_world/worlds:/home/sharo/Downloads/NXP_CUP_INDIA_2026/install/dream_world/share/dream_world/models:/home/sharo/Downloads/NXP_CUP_INDIA_2026/install/b3rb_gz_resource/share/b3rb_gz_resource/models:/home/sharo/Documents/NXP_CUP_INDIA_2026/install/dream_world/share/dream_world/worlds:/home/sharo/Documents/NXP_CUP_INDIA_2026/install/dream_world/share/dream_world/models:/home/sharo/Documents/NXP_CUP_INDIA_2026/install/b3rb_gz_resource/share/b3rb_gz_resource/models'), ('no_proxy', 'localhost,127.0.0.0/8,::1'), ('LANGUAGE', 'en_IN:en'), ('USER', 'sharo'), ('XDG_SESSION_TYPE', 'wayland'), ('SHLVL', '1'), ('LD_LIBRARY_PATH', '/home/sharo/cognipilot/cranium/install/synapse_tinyframe/lib:/home/sharo/cognipilot/cranium/install/synapse_protobuf/lib:/home/sharo/cognipilot/cranium/install/synapse_msgs/lib:/home/sharo/Downloads/NXP_CUP_INDIA_2026/install/synapse_tinyframe/lib:/home/sharo/Downloads/NXP_CUP_INDIA_2026/install/synapse_protobuf/lib:/home/sharo/Downloads/NXP_CUP_INDIA_2026/install/synapse_msgs/lib:/home/sharo/Documents/NXP_CUP_INDIA_2026/install/synapse_tinyframe/lib:/home/sharo/Documents/NXP_CUP_INDIA_2026/install/synapse_protobuf/lib:/home/sharo/Documents/NXP_CUP_INDIA_2026/install/synapse_msgs/lib:/opt/ros/humble/opt/rviz_ogre_vendor/lib:/opt/ros/humble/lib/x86_64-linux-gnu:/opt/ros/humble/lib'), ('HOME', '/home/sharo'), ('OLDPWD', '/home/sharo/mine-adas/ros2_ws'), ('DESKTOP_SESSION', 'ubuntu'), ('NO_PROXY', 'localhost,127.0.0.0/8,::1'), ('ROS_PYTHON_VERSION', '3'), ('GNOME_SHELL_SESSION_MODE', 'ubuntu'), ('GTK_MODULES', 'gail:atk-bridge:appmenu-gtk-module'), ('SYSTEMD_EXEC_PID', '1519'), ('DBUS_SESSION_BUS_ADDRESS', 'unix:path=/run/user/1000/bus'), ('COLORTERM', 'truecolor'), ('IM_CONFIG_PHASE', '1'), ('WAYLAND_DISPLAY', 'wayland-0'), ('COLCON_PREFIX_PATH', '/home/sharo/cognipilot/cranium/install:/home/sharo/Downloads/NXP_CUP_INDIA_2026/install:/home/sharo/Documents/NXP_CUP_INDIA_2026/install'), ('ROS_DISTRO', 'humble'), ('LOGNAME', 'sharo'), ('_', '/usr/bin/colcon'), ('ROS_VERSION', '2'), ('XDG_SESSION_CLASS', 'user'), ('USERNAME', 'sharo'), ('TERM', 'xterm-256color'), ('GNOME_DESKTOP_SESSION_ID', 'this-is-deprecated'), ('ROS_LOCALHOST_ONLY', '0'), ('PATH', '/home/sharo/cognipilot/ws/cerebri/install/bin:/opt/ros/humble/bin:/home/sharo/.local/bin:/home/sharo/bin:/usr/local/sbin:/usr/local/bin:/usr/sbin:/usr/bin:/sbin:/bin:/usr/games:/usr/local/games:/snap/bin:/snap/bin'), ('SESSION_MANAGER', 'local/sharo-Vivobook-Go-E1504FA-E1504FAB:@/tmp/.ICE-unix/1497,unix/sharo-Vivobook-Go-E1504FA-E1504FAB:/tmp/.ICE-unix/1497'), ('XDG_MENU_PREFIX', 'gnome-'), ('GNOME_TERMINAL_SCREEN', '/org/gnome/Terminal/screen/3858eea1_0a2b_4c99_902b_2c34c70ed262'), ('GNOME_SETUP_DISPLAY', ':1'), ('XDG_RUNTIME_DIR', '/run/user/1000'), ('DISPLAY', ':0'), ('LANG', 'en_IN'), ('XDG_CURRENT_DESKTOP', 'ubuntu:GNOME'), ('RMW_IMPLEMENTATION', 'rmw_cyclonedds_cpp'), ('XMODIFIERS', '@im=ibus'), ('XDG_SESSION_DESKTOP', 'ubuntu'), ('XAUTHORITY', '/run/user/1000/.mutter-Xwaylandauth.MR1SU3'), ('LS_COLORS', 'rs=0:di=01;34:ln=01;36:mh=00:pi=40;33:so=01;35:do=01;35:bd=40;33;01:cd=40;33;01:or=40;31;01:mi=00:su=37;41:sg=30;43:ca=30;41:tw=30;42:ow=34;42:st=37;44:ex=01;32:*.tar=01;31:*.tgz=01;31:*.arc=01;31:*.arj=01;31:*.taz=01;31:*.lha=01;31:*.lz4=01;31:*.lzh=01;31:*.lzma=01;31:*.tlz=01;31:*.txz=01;31:*.tzo=01;31:*.t7z=01;31:*.zip=01;31:*.z=01;31:*.dz=01;31:*.gz=01;31:*.lrz=01;31:*.lz=01;31:*.lzo=01;31:*.xz=01;31:*.zst=01;31:*.tzst=01;31:*.bz2=01;31:*.bz=01;31:*.tbz=01;31:*.tbz2=01;31:*.tz=01;31:*.deb=01;31:*.rpm=01;31:*.jar=01;31:*.war=01;31:*.ear=01;31:*.sar=01;31:*.rar=01;31:*.alz=01;31:*.ace=01;31:*.zoo=01;31:*.cpio=01;31:*.7z=01;31:*.rz=01;31:*.cab=01;31:*.wim=01;31:*.swm=01;31:*.dwm=01;31:*.esd=01;31:*.jpg=01;35:*.jpeg=01;35:*.mjpg=01;35:*.mjpeg=01;35:*.gif=01;35:*.bmp=01;35:*.pbm=01;35:*.pgm=01;35:*.ppm=01;35:*.tga=01;35:*.xbm=01;35:*.xpm=01;35:*.tif=01;35:*.tiff=01;35:*.png=01;35:*.svg=01;35:*.svgz=01;35:*.mng=01;35:*.pcx=01;35:*.mov=01;35:*.mpg=01;35:*.mpeg=01;35:*.m2v=01;35:*.mkv=01;35:*.webm=01;35:*.webp=01;35:*.ogm=01;35:*.mp4=01;35:*.m4v=01;35:*.mp4v=01;35:*.vob=01;35:*.qt=01;35:*.nuv=01;35:*.wmv=01;35:*.asf=01;35:*.rm=01;35:*.rmvb=01;35:*.flc=01;35:*.avi=01;35:*.fli=01;35:*.flv=01;35:*.gl=01;35:*.dl=01;35:*.xcf=01;35:*.xwd=01;35:*.yuv=01;35:*.cgm=01;35:*.emf=01;35:*.ogv=01;35:*.ogx=01;35:*.aac=00;36:*.au=00;36:*.flac=00;36:*.m4a=00;36:*.mid=00;36:*.midi=00;36:*.mka=00;36:*.mp3=00;36:*.mpc=00;36:*.ogg=00;36:*.ra=00;36:*.wav=00;36:*.oga=00;36:*.opus=00;36:*.spx=00;36:*.xspf=00;36:'), ('GNOME_TERMINAL_SERVICE', ':1.103'), ('SSH_AGENT_LAUNCHER', 'gnome-keyring'), ('SSH_AUTH_SOCK', '/run/user/1000/keyring/ssh'), ('ROS_DOMAIN_ID', '7'), ('AMENT_PREFIX_PATH', '/home/sharo/cognipilot/cranium/install/synapse_ros:/home/sharo/cognipilot/cranium/install/synapse_gz:/home/sharo/cognipilot/cranium/install/synapse_tinyframe:/home/sharo/cognipilot/cranium/install/synapse_protobuf:/home/sharo/cognipilot/cranium/install/corti:/home/sharo/cognipilot/cranium/install/b3rb_ros_line_follower:/home/sharo/cognipilot/cranium/install/synapse_msgs:/home/sharo/cognipilot/cranium/install/dream_world:/home/sharo/cognipilot/cranium/install/cerebri_bringup:/home/sharo/cognipilot/cranium/install/b3rb_simulator:/home/sharo/cognipilot/cranium/install/b3rb_desktop:/home/sharo/cognipilot/cranium/install/b3rb_rviz:/home/sharo/cognipilot/cranium/install/b3rb_nav2:/home/sharo/cognipilot/cranium/install/b3rb_gz_resource:/home/sharo/cognipilot/cranium/install/b3rb_gz_bringup:/home/sharo/cognipilot/cranium/install/b3rb_description:/home/sharo/cognipilot/cranium/install/b3rb_control:/home/sharo/Downloads/NXP_CUP_INDIA_2026/install/synapse_ros:/home/sharo/Downloads/NXP_CUP_INDIA_2026/install/synapse_gz:/home/sharo/Downloads/NXP_CUP_INDIA_2026/install/synapse_tinyframe:/home/sharo/Downloads/NXP_CUP_INDIA_2026/install/synapse_protobuf:/home/sharo/Downloads/NXP_CUP_INDIA_2026/install/corti:/home/sharo/Downloads/NXP_CUP_INDIA_2026/install/b3rb_ros_line_follower:/home/sharo/Downloads/NXP_CUP_INDIA_2026/install/synapse_msgs:/home/sharo/Downloads/NXP_CUP_INDIA_2026/install/dream_world:/home/sharo/Downloads/NXP_CUP_INDIA_2026/install/cerebri_bringup:/home/sharo/Downloads/NXP_CUP_INDIA_2026/install/b3rb_simulator:/home/sharo/Downloads/NXP_CUP_INDIA_2026/install/b3rb_desktop:/home/sharo/Downloads/NXP_CUP_INDIA_2026/install/b3rb_rviz:/home/sharo/Downloads/NXP_CUP_INDIA_2026/install/b3rb_nav2:/home/sharo/Downloads/NXP_CUP_INDIA_2026/install/b3rb_gz_resource:/home/sharo/Downloads/NXP_CUP_INDIA_2026/install/b3rb_gz_bringup:/home/sharo/Downloads/NXP_CUP_INDIA_2026/install/b3rb_description:/home/sharo/Documents/NXP_CUP_INDIA_2026/install/synapse_ros:/home/sharo/Documents/NXP_CUP_INDIA_2026/install/synapse_gz:/home/sharo/Documents/NXP_CUP_INDIA_2026/install/synapse_tinyframe:/home/sharo/Documents/NXP_CUP_INDIA_2026/install/synapse_protobuf:/home/sharo/Documents/NXP_CUP_INDIA_2026/install/corti:/home/sharo/Documents/NXP_CUP_INDIA_2026/install/b3rb_ros_line_follower:/home/sharo/Documents/NXP_CUP_INDIA_2026/install/synapse_msgs:/home/sharo/Documents/NXP_CUP_INDIA_2026/install/dream_world:/home/sharo/Documents/NXP_CUP_INDIA_2026/install/cerebri_bringup:/home/sharo/Documents/NXP_CUP_INDIA_2026/install/b3rb_simulator:/home/sharo/Documents/NXP_CUP_INDIA_2026/install/b3rb_desktop:/home/sharo/Documents/NXP_CUP_INDIA_2026/install/b3rb_rviz:/home/sharo/Documents/NXP_CUP_INDIA_2026/install/b3rb_nav2:/home/sharo/Documents/NXP_CUP_INDIA_2026/install/b3rb_gz_resource:/home/sharo/Documents/NXP_CUP_INDIA_2026/install/b3rb_gz_bringup:/home/sharo/Documents/NXP_CUP_INDIA_2026/install/b3rb_description:/opt/ros/humble'), ('SHELL', '/bin/bash'), ('QT_ACCESSIBILITY', '1'), ('GDMSESSION', 'ubuntu'), ('LESSCLOSE', '/usr/bin/lesspipe %s %s'), ('CMAKE_EXPORT_COMPILE_COMMANDS', 'ON'), ('QT_IM_MODULE', 'ibus'), ('PWD', '/home/sharo/mine-adas/ros2_ws/build/sllidar_ros2'), ('XDG_CONFIG_DIRS', '/etc/xdg/xdg-ubuntu:/etc/xdg'), ('XDG_DATA_DIRS', '/usr/share/ubuntu:/usr/local/share/:/usr/share/:/var/lib/snapd/desktop'), ('PYTHONPATH', '/home/sharo/cognipilot/cranium/install/corti/local/lib/python3.10/dist-packages:/home/sharo/cognipilot/cranium/install/b3rb_ros_line_follower/lib/python3.10/site-packages:/home/sharo/cognipilot/cranium/install/synapse_msgs/local/lib/python3.10/dist-packages:/home/sharo/cognipilot/cranium/install/b3rb_control/lib/python3.10/site-packages:/home/sharo/Downloads/NXP_CUP_INDIA_2026/install/corti/local/lib/python3.10/dist-packages:/home/sharo/Downloads/NXP_CUP_INDIA_2026/install/b3rb_ros_line_follower/lib/python3.10/site-packages:/home/sharo/Downloads/NXP_CUP_INDIA_2026/install/synapse_msgs/local/lib/python3.10/dist-packages:/home/sharo/Documents/NXP_CUP_INDIA_2026/install/corti/local/lib/python3.10/dist-packages:/home/sharo/Documents/NXP_CUP_INDIA_2026/install/b3rb_ros_line_follower/lib/python3.10/site-packages:/home/sharo/Documents/NXP_CUP_INDIA_2026/install/synapse_msgs/local/lib/python3.10/dist-packages:/opt/ros/humble/lib/python3.10/site-packages:/opt/ros/humble/local/lib/python3.10/dist-packages'), ('COLCON', '1'), ('VTE_VERSION', '6800'), ('CMAKE_PREFIX_PATH', '/home/sharo/cognipilot/cranium/install/synapse_ros:/home/sharo/cognipilot/cranium/install/synapse_gz:/home/sharo/cognipilot/cranium/install/synapse_tinyframe:/home/sharo/cognipilot/cranium/install/synapse_protobuf:/home/sharo/cognipilot/cranium/install/corti:/home/sharo/cognipilot/cranium/install/synapse_msgs:/home/sharo/cognipilot/cranium/install/dream_world:/home/sharo/cognipilot/cranium/install/cerebri_bringup:/home/sharo/cognipilot/cranium/install/b3rb_simulator:/home/sharo/cognipilot/cranium/install/b3rb_desktop:/home/sharo/cognipilot/cranium/install/b3rb_rviz:/home/sharo/cognipilot/cranium/install/b3rb_nav2:/home/sharo/cognipilot/cranium/install/b3rb_gz_resource:/home/sharo/cognipilot/cranium/install/b3rb_gz_bringup:/home/sharo/cognipilot/cranium/install/b3rb_description:/home/sharo/Downloads/NXP_CUP_INDIA_2026/install/synapse_ros:/home/sharo/Downloads/NXP_CUP_INDIA_2026/install/synapse_gz:/home/sharo/Downloads/NXP_CUP_INDIA_2026/install/synapse_tinyframe:/home/sharo/Downloads/NXP_CUP_INDIA_2026/install/synapse_protobuf:/home/sharo/Downloads/NXP_CUP_INDIA_2026/install/corti:/home/sharo/Downloads/NXP_CUP_INDIA_2026/install/synapse_msgs:/home/sharo/Downloads/NXP_CUP_INDIA_2026/install/dream_world:/home/sharo/Downloads/NXP_CUP_INDIA_2026/install/cerebri_bringup:/home/sharo/Downloads/NXP_CUP_INDIA_2026/install/b3rb_simulator:/home/sharo/Downloads/NXP_CUP_INDIA_2026/install/b3rb_desktop:/home/sharo/Downloads/NXP_CUP_INDIA_2026/install/b3rb_rviz:/home/sharo/Downloads/NXP_CUP_INDIA_2026/install/b3rb_nav2:/home/sharo/Downloads/NXP_CUP_INDIA_2026/install/b3rb_gz_resource:/home/sharo/Downloads/NXP_CUP_INDIA_2026/install/b3rb_gz_bringup:/home/sharo/Downloads/NXP_CUP_INDIA_2026/install/b3rb_description:/home/sharo/Documents/NXP_CUP_INDIA_2026/install/synapse_ros:/home/sharo/Documents/NXP_CUP_INDIA_2026/install/synapse_gz:/home/sharo/Documents/NXP_CUP_INDIA_2026/install/synapse_tinyframe:/home/sharo/Documents/NXP_CUP_INDIA_2026/install/synapse_protobuf:/home/sharo/Documents/NXP_CUP_INDIA_2026/install/corti:/home/sharo/Documents/NXP_CUP_INDIA_2026/install/synapse_msgs:/home/sharo/Documents/NXP_CUP_INDIA_2026/install/dream_world:/home/sharo/Documents/NXP_CUP_INDIA_2026/install/cerebri_bringup:/home/sharo/Documents/NXP_CUP_INDIA_2026/install/b3rb_simulator:/home/sharo/Documents/NXP_CUP_INDIA_2026/install/b3rb_desktop:/home/sharo/Documents/NXP_CUP_INDIA_2026/install/b3rb_rviz:/home/sharo/Documents/NXP_CUP_INDIA_2026/install/b3rb_nav2:/home/sharo/Documents/NXP_CUP_INDIA_2026/install/b3rb_gz_resource:/home/sharo/Documents/NXP_CUP_INDIA_2026/install/b3rb_gz_bringup:/home/sharo/Documents/NXP_CUP_INDIA_2026/install/b3rb_description:/home/sharo/cognipilot/cranium/install/b3rb_ros_line_follower:/home/sharo/cognipilot/cranium/install/b3rb_control:/home/sharo/Downloads/NXP_CUP_INDIA_2026/install/b3rb_ros_line_follower:/home/sharo/Documents/NXP_CUP_INDIA_2026/install/b3rb_ros_line_follower:/opt/ros/humble')]), 'shell': False}
[10.983377] (sllidar_ros2) StdoutLine: {'line': b'-- Install configuration: ""\n'}
[10.983803] (sllidar_ros2) StdoutLine: {'line': b'-- Execute custom install script\n'}
[10.984684] (sllidar_ros2) StdoutLine: {'line': b'-- Up-to-date symlink: /home/sharo/mine-adas/ros2_ws/install/sllidar_ros2/share/sllidar_ros2/launch/sllidar_a1_launch.py\n'}
[10.984916] (sllidar_ros2) StdoutLine: {'line': b'-- Up-to-date symlink: /home/sharo/mine-adas/ros2_ws/install/sllidar_ros2/share/sllidar_ros2/launch/sllidar_a2m12_launch .py\n'}
[10.985118] (sllidar_ros2) StdoutLine: {'line': b'-- Up-to-date symlink: /home/sharo/mine-adas/ros2_ws/install/sllidar_ros2/share/sllidar_ros2/launch/sllidar_a2m7_launch.py\n'}
[10.985312] (sllidar_ros2) StdoutLine: {'line': b'-- Up-to-date symlink: /home/sharo/mine-adas/ros2_ws/install/sllidar_ros2/share/sllidar_ros2/launch/sllidar_a2m8_launch.py\n'}
[10.985512] (sllidar_ros2) StdoutLine: {'line': b'-- Up-to-date symlink: /home/sharo/mine-adas/ros2_ws/install/sllidar_ros2/share/sllidar_ros2/launch/sllidar_a3_launch.py\n'}
[10.985709] (sllidar_ros2) StdoutLine: {'line': b'-- Up-to-date symlink: /home/sharo/mine-adas/ros2_ws/install/sllidar_ros2/share/sllidar_ros2/launch/sllidar_c1_launch.py\n'}
[10.985910] (sllidar_ros2) StdoutLine: {'line': b'-- Up-to-date symlink: /home/sharo/mine-adas/ros2_ws/install/sllidar_ros2/share/sllidar_ros2/launch/sllidar_s1_launch.py\n'}
[10.986086] (sllidar_ros2) StdoutLine: {'line': b'-- Up-to-date symlink: /home/sharo/mine-adas/ros2_ws/install/sllidar_ros2/share/sllidar_ros2/launch/sllidar_s1_tcp_launch.py\n'}
[10.986266] (sllidar_ros2) StdoutLine: {'line': b'-- Up-to-date symlink: /home/sharo/mine-adas/ros2_ws/install/sllidar_ros2/share/sllidar_ros2/launch/sllidar_s2_launch.py\n'}
[10.986481] (sllidar_ros2) StdoutLine: {'line': b'-- Up-to-date symlink: /home/sharo/mine-adas/ros2_ws/install/sllidar_ros2/share/sllidar_ros2/launch/sllidar_s2e_launch.py\n'}
[10.986762] (sllidar_ros2) StdoutLine: {'line': b'-- Up-to-date symlink: /home/sharo/mine-adas/ros2_ws/install/sllidar_ros2/share/sllidar_ros2/launch/sllidar_s3_launch.py\n'}
[10.986929] (sllidar_ros2) StdoutLine: {'line': b'-- Up-to-date symlink: /home/sharo/mine-adas/ros2_ws/install/sllidar_ros2/share/sllidar_ros2/launch/sllidar_t1_launch.py\n'}
[10.987110] (sllidar_ros2) StdoutLine: {'line': b'-- Up-to-date symlink: /home/sharo/mine-adas/ros2_ws/install/sllidar_ros2/share/sllidar_ros2/launch/view_sllidar_a1_launch.py\n'}
[10.987369] (sllidar_ros2) StdoutLine: {'line': b'-- Up-to-date symlink: /home/sharo/mine-adas/ros2_ws/install/sllidar_ros2/share/sllidar_ros2/launch/view_sllidar_a2m12_launch.py\n'}
[10.987569] (sllidar_ros2) StdoutLine: {'line': b'-- Up-to-date symlink: /home/sharo/mine-adas/ros2_ws/install/sllidar_ros2/share/sllidar_ros2/launch/view_sllidar_a2m7_launch.py\n'}
[10.987769] (sllidar_ros2) StdoutLine: {'line': b'-- Up-to-date symlink: /home/sharo/mine-adas/ros2_ws/install/sllidar_ros2/share/sllidar_ros2/launch/view_sllidar_a2m8_launch.py\n'}
[10.987946] (sllidar_ros2) StdoutLine: {'line': b'-- Up-to-date symlink: /home/sharo/mine-adas/ros2_ws/install/sllidar_ros2/share/sllidar_ros2/launch/view_sllidar_a3_launch.py\n'}
[10.988145] (sllidar_ros2) StdoutLine: {'line': b'-- Up-to-date symlink: /home/sharo/mine-adas/ros2_ws/install/sllidar_ros2/share/sllidar_ros2/launch/view_sllidar_c1_launch.py\n'}
[10.988366] (sllidar_ros2) StdoutLine: {'line': b'-- Up-to-date symlink: /home/sharo/mine-adas/ros2_ws/install/sllidar_ros2/share/sllidar_ros2/launch/view_sllidar_s1_launch.py\n'}
[10.988510] (sllidar_ros2) StdoutLine: {'line': b'-- Up-to-date symlink: /home/sharo/mine-adas/ros2_ws/install/sllidar_ros2/share/sllidar_ros2/launch/view_sllidar_s1_tcp_launch.py\n'}
[10.988707] (sllidar_ros2) StdoutLine: {'line': b'-- Up-to-date symlink: /home/sharo/mine-adas/ros2_ws/install/sllidar_ros2/share/sllidar_ros2/launch/view_sllidar_s2_launch.py\n'}
[10.988903] (sllidar_ros2) StdoutLine: {'line': b'-- Up-to-date symlink: /home/sharo/mine-adas/ros2_ws/install/sllidar_ros2/share/sllidar_ros2/launch/view_sllidar_s2e_launch.py\n'}
[10.989078] (sllidar_ros2) StdoutLine: {'line': b'-- Up-to-date symlink: /home/sharo/mine-adas/ros2_ws/install/sllidar_ros2/share/sllidar_ros2/launch/view_sllidar_s3_launch.py\n'}
[10.989302] (sllidar_ros2) StdoutLine: {'line': b'-- Up-to-date symlink: /home/sharo/mine-adas/ros2_ws/install/sllidar_ros2/share/sllidar_ros2/launch/view_sllidar_t1_launch.py\n'}
[10.989662] (sllidar_ros2) StdoutLine: {'line': b'-- Up-to-date symlink: /home/sharo/mine-adas/ros2_ws/install/sllidar_ros2/share/sllidar_ros2/rviz/sllidar_ros2.rviz\n'}
[10.990120] (sllidar_ros2) StdoutLine: {'line': b'-- Up-to-date symlink: /home/sharo/mine-adas/ros2_ws/install/sllidar_ros2/lib/sllidar_ros2/sllidar_node\n'}
[10.990321] (sllidar_ros2) StdoutLine: {'line': b'-- Up-to-date symlink: /home/sharo/mine-adas/ros2_ws/install/sllidar_ros2/lib/sllidar_ros2/sllidar_client\n'}
[10.990653] (sllidar_ros2) StdoutLine: {'line': b'-- Up-to-date symlink: /home/sharo/mine-adas/ros2_ws/install/sllidar_ros2/share/ament_index/resource_index/package_run_dependencies/sllidar_ros2\n'}
[10.990982] (sllidar_ros2) StdoutLine: {'line': b'-- Up-to-date symlink: /home/sharo/mine-adas/ros2_ws/install/sllidar_ros2/share/ament_index/resource_index/parent_prefix_path/sllidar_ros2\n'}
[10.991287] (sllidar_ros2) StdoutLine: {'line': b'-- Up-to-date symlink: /home/sharo/mine-adas/ros2_ws/install/sllidar_ros2/share/sllidar_ros2/environment/ament_prefix_path.sh\n'}
[10.991576] (sllidar_ros2) StdoutLine: {'line': b'-- Up-to-date symlink: /home/sharo/mine-adas/ros2_ws/install/sllidar_ros2/share/sllidar_ros2/environment/ament_prefix_path.dsv\n'}
[10.991791] (sllidar_ros2) StdoutLine: {'line': b'-- Up-to-date symlink: /home/sharo/mine-adas/ros2_ws/install/sllidar_ros2/share/sllidar_ros2/environment/path.sh\n'}
[10.992031] (sllidar_ros2) StdoutLine: {'line': b'-- Up-to-date symlink: /home/sharo/mine-adas/ros2_ws/install/sllidar_ros2/share/sllidar_ros2/environment/path.dsv\n'}
[10.992240] (sllidar_ros2) StdoutLine: {'line': b'-- Up-to-date symlink: /home/sharo/mine-adas/ros2_ws/install/sllidar_ros2/share/sllidar_ros2/local_setup.bash\n'}
[10.992497] (sllidar_ros2) StdoutLine: {'line': b'-- Up-to-date symlink: /home/sharo/mine-adas/ros2_ws/install/sllidar_ros2/share/sllidar_ros2/local_setup.sh\n'}
[10.992724] (sllidar_ros2) StdoutLine: {'line': b'-- Up-to-date symlink: /home/sharo/mine-adas/ros2_ws/install/sllidar_ros2/share/sllidar_ros2/local_setup.zsh\n'}
[10.992952] (sllidar_ros2) StdoutLine: {'line': b'-- Up-to-date symlink: /home/sharo/mine-adas/ros2_ws/install/sllidar_ros2/share/sllidar_ros2/local_setup.dsv\n'}
[10.993045] (sllidar_ros2) StdoutLine: {'line': b'-- Symlinking: /home/sharo/mine-adas/ros2_ws/install/sllidar_ros2/share/sllidar_ros2/package.dsv\n'}
[11.005660] (sllidar_ros2) StdoutLine: {'line': b'-- Up-to-date symlink: /home/sharo/mine-adas/ros2_ws/install/sllidar_ros2/share/ament_index/resource_index/packages/sllidar_ros2\n'}
[11.006242] (sllidar_ros2) StdoutLine: {'line': b'-- Up-to-date symlink: /home/sharo/mine-adas/ros2_ws/install/sllidar_ros2/share/sllidar_ros2/cmake/ament_cmake_export_dependencies-extras.cmake\n'}
[11.006688] (sllidar_ros2) StdoutLine: {'line': b'-- Up-to-date symlink: /home/sharo/mine-adas/ros2_ws/install/sllidar_ros2/share/sllidar_ros2/cmake/ament_cmake_export_include_directories-extras.cmake\n'}
[11.006977] (sllidar_ros2) StdoutLine: {'line': b'-- Up-to-date symlink: /home/sharo/mine-adas/ros2_ws/install/sllidar_ros2/share/sllidar_ros2/cmake/sllidar_ros2Config.cmake\n'}
[11.007195] (sllidar_ros2) StdoutLine: {'line': b'-- Up-to-date symlink: /home/sharo/mine-adas/ros2_ws/install/sllidar_ros2/share/sllidar_ros2/cmake/sllidar_ros2Config-version.cmake\n'}
[11.007402] (sllidar_ros2) StdoutLine: {'line': b'-- Up-to-date symlink: /home/sharo/mine-adas/ros2_ws/install/sllidar_ros2/share/sllidar_ros2/package.xml\n'}
[11.010503] (sllidar_ros2) CommandEnded: {'returncode': 0}
[11.032180] (sllidar_ros2) JobEnded: {'identifier': 'sllidar_ros2', 'rc': 0}
[11.034222] (-) EventReactorShutdown: {}
